5.528046;46.948112;5.865026;11.905681;96.850502;23.343203;70.470909;5.723989;76.449944;32.559757;38.780811;129.893433;45.025269;0.949947;27.009809;2.201118;108.268997;37.454849;14.121557;66.148720;105.780533;9.196755;37.140602;79.187744;24.733814;106.462700;35.938995;98.997604;7.342105;0.000000;78.035530;56.205112;35.383476;32.357464;41.501522;24.874231;30.833212;13.652482;159.561432;21.006496;6.615293;18.635145;9.061656;67.002754;22.849625;2.136123;30.712622;76.532310;7.498004;37.335560;22.857368;32.607517;5.582339;90.030045;17.784081;8.304853;4.600842;21.880795;20.253380;65.124718;49.854073;24.460960;96.960747;28.673162;158.553970;50.513920;88.537186;9.646056;19.002701;29.804737;0.422608;83.275459;24.202538;17.520351;3.752517;95.747406;5.313878;8.781628;119.269936;42.950188;5.663033;10.355734;55.968220;27.026623;131.563965;94.859955;51.259197;7.053423;18.495272;15.092093;12.557159;9.477674;32.054913;27.462803;21.204668;59.899303;117.931526;33.922966;41.229668;66.532585;71.515678;42.896992;65.775543;16.068459;34.759659;62.342022;10.349520;5.027882;134.063934;0.000000;121.107964;60.354092;42.030876;-54.449081;-9.615026;-55.483875;-161.006790;-61.918011;-2.171702;-10.303060;-79.816353;-32.049805;-30.857733;-76.857391;-79.270798;-66.337006;-80.864937;-187.000000;-131.313980;-99.835419;-4.434052;-27.960171;-48.920567;-182.063797;-181.000015;-17.085909;-105.916435;-119.232445;-62.723820;-81.172531;-17.728968;-52.200920;-67.603096;-207.998703;-14.258527;-15.047763;-119.615952;-75.041267;-182.226532;-77.155090;-18.759085;-32.357529;-126.100700;-68.360123;-197.720215;-62.816654;-8.152459;-72.048027;-99.154900;-111.558830;-54.000008;-69.974716;-147.301025;-33.323540;-48.053917;-69.060997;-168.354874;-92.271172;-15.490095;-99.460403;-75.477470;-62.469696;-21.233381;-1.194629;-241.000015
29.700001;137.610001;37.620003;102.959999;140.580017;104.939995;141.570007;71.280014;83.160004;94.050011;64.349998;137.610001;97.020020;115.830009;99.990005;147.510010;141.570007;97.020020;150.479996;97.019981;164.340012;36.629997;80.189987;110.879997;57.419998;122.760010;121.769997;134.639999;138.600006;114.839996;142.559998;67.320000;63.359997;34.649998;129.689987;90.089989;43.560001;127.709999;167.309998;89.099998;50.490002;26.730003;65.340004;90.089989;31.679996;33.660004;32.669998;119.789978;30.690002;149.489975;54.449993;59.399994;39.600002;157.410004;49.500000;77.219986;37.620003;111.869987;81.179985;94.050011;168.300018;49.500000;161.369995;92.070000;161.369995;73.260002;153.449982;30.690001;128.700012;149.490021;67.320000;114.839996;167.309998;99.000023;142.559982;124.739983;30.690001;42.570000;168.300034;63.359997;36.629997;27.720001;98.010010;56.430000;141.570007;107.910004;73.260002;99.990005;85.139999;103.949997;165.330017;36.630001;32.669998;65.339996;114.839996;83.159988;127.709999;81.179985;43.560001;77.220009;146.520020;129.689987;107.910004;66.330009;109.890007;82.170006;50.489998;29.700001;157.410019;147.509979;151.469986;134.639999;113.849991;-79.200012;-12.870002;-100.979980;-210.869949;-85.139999;-10.890002;-17.820002;-196.020020;-83.160019;-36.630016;-111.870018;-180.179977;-100.980011;-179.190033;-185.129959;-256.410034;-202.949997;-40.589985;-194.040009;-73.260002;-245.520004;-179.190002;-24.750004;-197.999985;-125.730011;-73.260010;-188.099960;-168.300003;-212.850006;-98.010010;-206.910004;-17.819996;-38.610016;-245.519974;-98.010017;-273.240051;-169.289963;-79.199997;-104.939980;-140.579987;-84.149971;-225.720001;-81.180031;-61.379990;-209.880005;-192.060028;-198.000046;-53.459988;-112.860008;-180.179977;-50.490013;-53.459991;-227.699982;-230.670013;-245.520004;-41.579998;-182.159988;-161.369995;-239.580017;-210.869995;-17.819996;-238.589935
29.400002;136.219986;37.240002;101.919998;139.159988;103.880005;140.139999;70.559998;82.320000;93.100006;63.699997;136.219986;96.040001;114.660019;98.980003;146.020004;140.140015;96.040001;148.959976;96.040001;162.679993;36.259998;79.379997;109.759995;56.840000;121.520004;120.540009;133.279999;137.200012;113.680008;141.119980;66.639999;62.720005;34.299999;128.380020;89.180000;43.119999;126.420006;165.619995;88.199982;49.980003;26.459997;64.680000;89.180008;31.360003;33.320000;32.339996;118.579971;30.380001;147.979996;53.899998;58.799995;39.200005;155.819992;48.999992;76.439980;37.240002;110.739998;80.360016;93.100006;166.600006;48.999992;159.740005;91.139999;159.739990;72.519997;151.899963;30.379995;127.399986;147.979980;66.639999;113.680008;165.619995;98.000000;141.119995;123.479988;30.379995;42.139999;166.599976;62.720005;36.259998;27.439995;97.019997;55.860001;140.140015;106.820007;72.519997;98.980003;84.280006;102.900009;163.660004;36.259998;32.339996;64.679993;113.680008;82.319992;126.420006;80.360016;43.119999;76.439995;145.040009;128.379990;106.820007;65.659996;108.779991;81.340004;49.979996;29.400002;155.819992;146.020004;149.940002;133.279999;112.700005;-78.400009;-12.740000;-99.960007;-208.740036;-84.280014;-10.780001;-17.640005;-194.040024;-82.320000;-36.259991;-110.740044;-178.360001;-99.960014;-177.379990;-183.259964;-253.819992;-200.899994;-40.179993;-192.080017;-72.520012;-243.039993;-177.379974;-24.500008;-196.000000;-124.459991;-72.519966;-186.200012;-166.600006;-210.700012;-97.019997;-204.820038;-17.639986;-38.219990;-243.039948;-97.019989;-270.480011;-167.580002;-78.400017;-103.879982;-139.160019;-83.300011;-223.439987;-80.360001;-60.760006;-207.759979;-190.119995;-195.999985;-52.919994;-111.720001;-178.359985;-49.980000;-52.920006;-225.400024;-228.339996;-243.040009;-41.160004;-180.320023;-159.740005;-237.160004;-208.739990;-17.640007;-236.180008
29.100004;134.829971;36.860001;100.880005;137.739990;102.820000;138.709991;69.839996;81.480011;92.150002;63.050007;134.829971;95.059990;113.489983;97.970001;144.529984;138.710022;95.059990;147.440033;95.060005;161.020004;35.889996;78.570007;108.639984;56.259998;120.279991;119.310013;131.919998;135.800018;112.519981;139.680008;65.959999;62.080002;33.950001;127.070000;88.269997;42.680000;125.130005;163.929962;87.300018;49.470005;26.190001;64.019997;88.269997;31.040003;32.979996;32.010002;117.370010;30.070000;146.470016;53.350002;58.200008;38.800003;154.229980;48.500004;75.660004;36.860001;109.610023;79.539993;92.150002;164.899994;48.500004;158.110016;90.210014;158.110016;71.779968;150.349991;30.070004;126.100014;146.470016;65.959999;112.519981;163.929962;97.000000;139.679993;122.220001;30.070004;41.709999;164.899994;62.080002;35.889996;27.160000;96.030006;55.289997;138.710022;105.730026;71.779968;97.970001;83.420006;101.849983;161.990021;35.890003;32.010002;64.019997;112.519981;81.480011;125.130005;79.539993;42.680000;75.660011;143.559967;127.069969;105.730026;64.990005;107.669983;80.509995;49.470001;29.100004;154.230026;144.529953;148.410004;131.919998;111.549995;-77.599998;-12.610008;-98.940002;-206.610016;-83.419983;-10.670003;-17.459995;-192.059998;-81.480003;-35.890003;-109.609993;-176.540024;-98.940002;-175.569992;-181.389999;-251.229980;-198.850006;-39.769993;-190.119995;-71.779999;-240.559982;-175.569977;-24.249994;-194.000000;-123.190010;-71.780006;-184.300003;-164.899979;-208.550018;-96.029999;-202.729965;-17.459999;-37.829994;-240.560013;-96.029968;-267.720032;-165.870010;-77.600006;-102.819984;-137.739990;-82.450020;-221.160034;-79.539993;-60.139996;-205.640030;-188.179977;-194.000000;-52.379997;-110.580009;-176.540009;-49.470005;-52.380009;-223.099991;-226.010040;-240.559982;-40.739998;-178.479996;-158.109970;-234.740051;-206.609940;-17.460001;-233.770004
28.799999;133.439972;36.479996;99.840004;136.320023;101.759979;137.279999;69.119995;80.639992;91.199989;62.399998;133.439972;94.080002;112.320007;96.960007;143.039993;137.280014;94.080002;145.920013;94.080017;159.359985;35.520000;77.760010;107.520012;55.679996;119.039993;118.079994;130.560013;134.399994;111.359993;138.239990;65.279999;61.439999;33.599995;125.759987;87.360008;42.240005;123.840004;162.239975;86.399994;48.959999;25.919996;63.360001;87.359985;30.719995;32.639999;31.679998;116.160011;29.759998;144.960037;52.799988;57.600002;38.400005;152.639999;47.999989;74.879997;36.479996;108.480011;78.720001;91.199989;163.199966;47.999989;156.479996;89.279991;156.479996;71.039993;148.800003;29.760004;124.800003;144.960007;65.279999;111.359993;162.239975;96.000000;138.240021;120.959999;29.760004;41.280003;163.199982;61.439999;35.520000;26.879997;95.039986;54.719997;137.280014;104.639999;71.039993;96.960007;82.559990;100.800003;160.320023;35.520004;31.679998;63.360001;111.359993;80.639992;123.840004;78.720001;42.240005;74.879997;142.079987;125.759995;104.639999;64.320000;106.560005;79.680008;48.960003;28.799999;152.639984;143.039963;146.880005;130.560013;110.400009;-76.800011;-12.480010;-97.919991;-204.479996;-82.560005;-10.560005;-17.280003;-190.080002;-80.639992;-35.519993;-108.479996;-174.719971;-97.919991;-173.759949;-179.520050;-248.640030;-196.799988;-39.360008;-188.160034;-71.040016;-238.080017;-173.759949;-24.000002;-192.000046;-121.919991;-71.040001;-182.399963;-163.200027;-206.400009;-95.040001;-200.639984;-17.279997;-37.439995;-238.080032;-95.040001;-264.959961;-164.160019;-76.800003;-101.759987;-136.320038;-81.599991;-218.880035;-78.719978;-59.520008;-203.520020;-186.240036;-192.000015;-51.840000;-109.439995;-174.719971;-48.959995;-51.839993;-220.799988;-223.680023;-238.080017;-40.320000;-176.639999;-156.479980;-232.320038;-204.479996;-17.279997;-231.360001
28.499992;132.050003;36.099995;98.800003;134.900009;100.700012;135.849991;68.400009;79.800011;90.250008;61.750011;132.050003;93.099991;111.149986;95.949989;141.550003;135.850021;93.099991;144.399994;93.099991;157.699997;35.149998;76.950012;106.400002;55.099995;117.800003;116.849998;129.199997;133.000000;110.199997;136.800003;64.600014;60.799992;33.250000;124.450005;86.449989;41.799999;122.549988;160.550003;85.500008;48.449997;25.650000;62.700012;86.449989;30.400002;32.299999;31.350002;114.949989;29.450005;143.449997;52.249996;57.000000;37.999996;151.049988;47.500000;74.099998;36.099995;107.349983;77.899994;90.250008;161.499985;47.500000;154.850006;88.349998;154.849991;70.300003;147.250000;29.449997;123.499992;143.450012;64.600014;110.199997;160.550003;95.000015;136.799988;119.700027;29.449997;40.850002;161.500000;60.799992;35.149998;26.599997;94.049995;54.150009;135.850021;103.550003;70.300003;95.949989;81.700005;99.750015;158.649979;35.150002;31.350002;62.699997;110.199997;79.800011;122.549988;77.899994;41.799999;74.099998;140.600006;124.449989;103.550003;63.649998;105.449997;78.849991;48.450005;28.499992;151.050003;141.550018;145.350006;129.199997;109.250000;-76.000000;-12.349998;-96.899994;-202.350021;-81.699989;-10.449997;-17.100000;-188.099991;-79.800011;-35.150005;-107.350021;-172.900040;-96.899994;-171.950012;-177.650009;-246.050049;-194.749969;-38.950005;-186.199997;-70.299988;-235.600021;-171.950012;-23.750004;-189.999985;-120.650009;-70.299988;-180.499985;-161.499985;-204.250000;-94.050011;-198.550003;-17.099998;-37.050003;-235.600006;-94.050011;-262.200012;-162.449982;-76.000000;-100.699974;-134.900009;-80.750015;-216.600006;-77.899994;-58.900002;-201.399979;-184.300018;-190.000046;-51.299999;-108.300003;-172.900040;-48.450001;-51.299999;-218.499985;-221.350021;-235.600021;-39.899998;-174.800034;-154.850006;-229.899963;-202.350021;-17.100000;-228.949997
28.199997;130.660004;35.720005;97.760002;133.480011;99.639992;134.419998;67.679977;78.960014;89.299988;61.100010;130.660004;92.119987;109.979988;94.940002;140.060013;134.420013;92.119987;142.880005;92.119995;156.039993;34.780003;76.140007;105.279984;54.519993;116.559990;115.619987;127.840019;131.600021;109.039993;135.360001;63.920002;60.160011;32.900002;123.139999;85.540001;41.360001;121.259995;158.859985;84.599991;47.939991;25.379995;62.040005;85.540001;30.080000;31.960005;31.020004;113.740021;29.139996;141.939987;51.700012;56.399998;37.599991;149.459991;46.999992;73.319992;35.720005;106.219994;77.080002;89.299988;159.799988;46.999992;153.220016;87.419983;153.220001;69.559982;145.699982;29.139997;122.199997;141.940018;63.920002;109.039993;158.859985;94.000000;135.360016;118.440002;29.139997;40.419994;159.799973;60.160011;34.780003;26.320002;93.060005;53.580009;134.420013;102.460014;69.559982;94.940002;80.840019;98.699989;156.979996;34.779995;31.020004;62.040009;109.039993;78.960007;121.259995;77.080002;41.360001;73.320000;139.119995;123.139992;102.460014;62.980007;104.340019;78.020012;47.939995;28.199997;149.460007;140.059998;143.819992;127.840004;108.099991;-75.199989;-12.220003;-95.879982;-200.220016;-80.839981;-10.340005;-16.919996;-186.119980;-78.959999;-34.779995;-106.220016;-171.080017;-95.879982;-170.139999;-175.780014;-243.460007;-192.700027;-38.539997;-184.240036;-69.559998;-233.119995;-170.139999;-23.500000;-188.000015;-119.379967;-69.559998;-178.600021;-159.800003;-202.099945;-93.059998;-196.460037;-16.920002;-36.660000;-233.119995;-93.059998;-259.440033;-160.740021;-75.199989;-99.639992;-133.479996;-79.900009;-214.320023;-77.080002;-58.279995;-199.280045;-182.360031;-188.000046;-50.760002;-107.160004;-171.080017;-47.940002;-50.760002;-216.200012;-219.020050;-233.119995;-39.480000;-172.959991;-153.220016;-227.480042;-200.220016;-16.919996;-226.540009
27.900000;129.269989;35.339996;96.720016;132.059998;98.580002;132.989990;66.959999;78.120010;88.350006;60.450005;129.269989;91.139992;108.809998;93.929993;138.570023;132.990005;91.139992;141.359985;91.139999;154.380020;34.410000;75.330002;104.159996;53.940010;115.320007;114.389999;126.479988;130.200012;107.880013;133.920013;63.239998;59.519997;32.549999;121.830009;84.630005;40.919998;119.970016;157.169983;83.700020;47.430000;25.110008;61.380005;84.629997;29.760006;31.619999;30.690002;112.529991;28.830000;140.430038;51.149998;55.799995;37.200008;147.870010;46.500004;72.540009;35.339996;105.090012;76.260010;88.350006;158.100021;46.500004;151.589981;86.490013;151.589981;68.820000;144.150024;28.830004;120.900002;140.430023;63.239998;107.880013;157.169983;92.999985;133.919998;117.180008;28.830004;39.989998;158.100006;59.519997;34.410000;26.039999;92.070000;53.009998;132.990005;101.370010;68.820000;93.929993;79.980003;97.649979;155.309982;34.410000;30.690002;61.380001;107.880013;78.120010;119.970016;76.260010;40.919998;72.539986;137.639984;121.829994;101.370010;62.310005;103.229996;77.190010;47.430004;27.900000;147.869995;138.570007;142.289993;126.479996;106.949997;-74.400002;-12.090006;-94.859985;-198.089981;-79.980026;-10.229999;-16.740002;-184.139984;-78.120003;-34.410000;-105.090027;-169.260040;-94.859985;-168.330017;-173.909988;-240.869980;-190.649918;-38.130005;-182.279999;-68.820000;-230.639984;-168.330017;-23.250000;-186.000000;-118.110008;-68.820007;-176.699997;-158.100006;-199.950012;-92.070007;-194.369965;-16.740002;-36.270016;-230.639969;-92.070007;-256.680023;-159.030014;-74.400002;-98.580032;-132.059998;-79.050003;-212.039993;-76.259995;-57.660007;-197.159988;-180.419983;-186.000031;-50.220001;-106.019989;-169.260040;-47.430000;-50.220001;-213.899948;-216.690033;-230.639984;-39.059998;-171.119949;-151.590042;-225.060013;-198.089981;-16.740002;-224.130020
27.600000;127.879997;34.959995;95.680016;130.640015;97.519997;131.560013;66.240005;77.279999;87.399994;59.799992;127.879997;90.159988;107.639999;92.920006;137.080017;131.559998;90.159988;139.840012;90.160019;152.720032;34.039997;74.519997;103.040001;53.360008;114.080002;113.159996;125.120010;128.800034;106.720024;132.479996;62.559994;58.880013;32.199997;120.520012;83.720009;40.479996;118.680008;155.479980;82.800003;46.920002;24.839996;60.720001;83.720001;29.439999;31.280005;30.360003;111.320000;28.520000;138.920029;50.599995;55.200001;36.799999;146.280045;46.000000;71.760002;34.959995;103.959999;75.440010;87.399994;156.400009;46.000000;149.959976;85.559975;149.959976;68.080002;142.599991;28.520000;119.599998;138.920029;62.559994;106.720024;155.479980;92.000008;132.479996;115.919998;28.520000;39.560005;156.399994;58.880013;34.039997;25.760002;91.080009;52.440002;131.559998;100.279991;68.080002;92.920006;79.120018;96.599998;153.640015;34.040005;30.360003;60.719997;106.720024;77.280006;118.680008;75.440010;40.479996;71.759995;136.160019;120.520012;100.279991;61.639999;102.120003;76.360001;46.920010;27.600000;146.279968;137.080017;140.760010;125.120003;105.800003;-73.599983;-11.959999;-93.839981;-195.960007;-79.119980;-10.119998;-16.560001;-182.159973;-77.279984;-34.039989;-103.959969;-167.440002;-93.839981;-166.520020;-172.039993;-238.279999;-188.600006;-37.720020;-180.319992;-68.079994;-228.159973;-166.520020;-23.000006;-184.000000;-116.839996;-68.079987;-174.800003;-156.400024;-197.799988;-91.080009;-192.280014;-16.560003;-35.880001;-228.160004;-91.080009;-253.920029;-157.319992;-73.599983;-97.519997;-130.639999;-78.199982;-209.759995;-75.440010;-57.040001;-195.040009;-178.479980;-183.999985;-49.679993;-104.879990;-167.440002;-46.920006;-49.679993;-211.600006;-214.359985;-228.159973;-38.639999;-169.279999;-149.960022;-222.639969;-195.960007;-16.560001;-221.720016
27.300005;126.489975;34.579998;94.639999;129.219986;96.459999;130.130005;65.520012;76.440002;86.449989;59.149994;126.489975;89.179993;106.470016;91.910004;135.590012;130.129990;89.179993;138.320007;89.179993;151.059998;33.670002;73.709999;101.919998;52.779999;112.839996;111.930008;123.760017;127.399994;105.559998;131.040024;61.880005;58.239998;31.849998;119.209999;82.809998;40.040001;117.389999;153.790024;81.900002;46.409992;24.570000;60.060001;82.809990;29.120001;30.939999;30.030001;110.110008;28.210007;137.409988;50.050011;54.599987;36.400002;144.690018;45.499996;70.979988;34.579998;102.830017;74.620003;86.449989;154.699966;45.499996;148.330017;84.630020;148.330017;67.340004;141.050034;28.210007;118.300018;137.409988;61.880005;105.559998;153.790024;90.999992;131.040009;114.659996;28.210007;39.130005;154.699982;58.239998;33.670002;25.480005;90.090004;51.870007;130.129990;99.189995;67.340004;91.910004;78.260017;95.550003;151.970016;33.669998;30.030001;60.059994;105.559998;76.440002;117.389999;74.620003;40.040001;70.979988;134.680008;119.210014;99.189995;60.969990;101.010010;75.530014;46.409992;27.300005;144.690002;135.589996;139.229996;123.760002;104.650009;-72.800011;-11.830003;-92.820007;-193.830002;-78.259995;-10.010001;-16.379999;-180.179993;-76.440002;-33.670006;-102.830009;-165.620026;-92.820007;-164.710007;-170.169998;-235.690002;-186.550018;-37.310005;-178.360016;-67.340019;-225.680023;-164.710007;-22.749994;-182.000000;-115.570000;-67.340019;-172.899994;-154.699982;-195.650024;-90.090004;-190.189972;-16.379997;-35.490009;-225.680008;-90.090004;-251.160034;-155.609985;-72.800011;-96.459991;-129.219986;-77.349991;-207.480011;-74.620003;-56.420002;-192.920013;-176.539993;-182.000000;-49.139999;-103.740021;-165.620026;-46.410000;-49.139999;-209.300003;-212.029999;-225.680023;-38.220013;-167.440018;-148.330017;-220.219955;-193.830002;-16.379999;-219.309982
26.999996;125.100006;34.200005;93.600006;127.799995;95.400017;128.700012;64.800003;75.599998;85.500000;58.499992;125.100006;88.199997;105.300034;90.900009;134.099991;128.699997;88.199997;136.800003;88.199997;149.399994;33.299999;72.900017;100.799995;52.199997;111.599991;110.700012;122.399994;126.000000;104.400009;129.600006;61.199997;57.600006;31.500008;117.900009;81.899994;39.600002;116.100006;152.099991;80.999992;45.900009;24.300003;59.399998;81.899994;28.799997;30.599997;29.700001;108.899986;27.899996;135.899994;49.499996;53.999992;35.999996;143.100037;45.000004;70.200012;34.200005;101.699997;73.800003;85.500000;152.999985;45.000004;146.700027;83.699997;146.700027;66.599991;139.499985;27.900002;117.000008;135.900009;61.199997;104.400009;152.099991;90.000000;129.600006;113.400002;27.900002;38.700005;153.000015;57.600006;33.299999;25.199999;89.099998;51.299995;128.699997;98.099983;66.599991;90.900009;77.400002;94.499985;150.299988;33.299995;29.700001;59.400005;104.400009;75.599998;116.100006;73.800003;39.600002;70.199989;133.200012;117.899994;98.099983;60.300007;99.900002;74.699997;45.900009;26.999996;143.100037;134.100006;137.699997;122.399994;103.500000;-72.000000;-11.699998;-91.799988;-191.699997;-77.400017;-9.900001;-16.200003;-178.200012;-75.599998;-33.299999;-101.699997;-163.799988;-91.799988;-162.900024;-168.299988;-233.100067;-184.500031;-36.899998;-176.400009;-66.599998;-223.200012;-162.900024;-22.499996;-180.000000;-114.299995;-66.600006;-170.999985;-152.999985;-193.499969;-89.099998;-188.100006;-16.199999;-35.099995;-223.199997;-89.099998;-248.400024;-153.899979;-72.000000;-95.400002;-127.800003;-76.500000;-205.200012;-73.800011;-55.800011;-190.800003;-174.600006;-180.000015;-48.600010;-102.600014;-163.799988;-45.900002;-48.600010;-207.000000;-209.700027;-223.200012;-37.800011;-165.600021;-146.700027;-217.799957;-191.699997;-16.200003;-216.899994
26.700003;123.710014;33.820004;92.559990;126.379997;94.339996;127.270004;64.080009;74.760002;84.550003;57.850002;123.710014;87.219986;104.130005;89.890007;132.610001;127.270004;87.219986;135.280014;87.220001;147.739990;32.930004;72.090012;99.680000;51.619999;110.359993;109.470009;121.039978;124.599983;103.239998;128.160004;60.520004;56.960003;31.149994;116.589989;80.990005;39.159992;114.810005;150.410004;80.100006;45.389999;24.029999;58.739998;80.989998;28.479996;30.260000;29.370005;107.690002;27.589994;134.389984;48.950001;53.400009;35.600006;141.510010;44.500000;69.419998;33.820004;100.569992;72.980011;84.550003;151.300018;44.500000;145.070038;82.769997;145.070007;65.859985;137.950012;27.590004;115.700005;134.389999;60.520004;103.239998;150.410004;89.000000;128.159988;112.140007;27.590004;38.269997;151.299973;56.960003;32.930004;24.919998;88.109993;50.729996;127.270004;97.010010;65.859985;89.890007;76.540001;93.450005;148.629990;32.930004;29.370005;58.739998;103.239998;74.759995;114.810005;72.980011;39.159992;69.419998;131.719986;116.589989;97.010010;59.630005;98.789993;73.869987;45.389999;26.700003;141.510010;132.609985;136.170013;121.039986;102.349976;-71.200005;-11.569995;-90.779999;-189.570038;-76.540001;-9.789999;-16.020000;-176.219986;-74.760010;-32.930008;-100.570007;-161.979996;-90.779999;-161.090012;-166.430054;-230.510040;-182.449982;-36.490009;-174.440033;-65.859985;-220.720016;-161.090012;-22.250000;-178.000000;-113.029991;-65.859993;-169.099991;-151.299988;-191.350037;-88.110001;-186.010025;-16.020000;-34.709991;-220.720032;-88.110001;-245.640015;-152.190002;-71.200005;-94.340019;-126.380005;-75.650017;-202.919968;-72.980003;-55.180000;-188.679993;-172.659988;-177.999985;-48.059990;-101.460014;-161.979996;-45.389999;-48.059990;-204.699997;-207.369980;-220.720016;-37.380001;-163.760010;-145.070023;-215.380035;-189.570038;-16.020000;-214.490021
26.400002;122.320000;33.440002;91.520004;124.959999;93.279999;125.840004;63.359993;73.919998;83.600014;57.199997;122.320000;86.240013;102.960007;88.879990;131.119995;125.839996;86.240013;133.760010;86.240005;146.080002;32.560001;71.279999;98.559998;51.040001;109.120003;108.240005;119.680016;123.200005;102.079994;126.720016;59.840004;56.319992;30.800003;115.279999;80.080002;38.720001;113.519989;148.719986;79.200005;44.879993;23.760004;58.080002;80.079994;28.160002;29.920000;29.039997;106.480003;27.279999;132.880005;48.400002;52.800007;35.199997;139.920013;44.000000;68.640007;33.440002;99.440010;72.159996;83.600014;149.600006;44.000000;143.440002;81.840004;143.440002;65.120003;136.400009;27.279999;114.399994;132.879990;59.840004;102.079994;148.719986;87.999985;126.719994;110.879990;27.279999;37.840000;149.599991;56.319992;32.560001;24.639999;87.119995;50.160000;125.839996;95.919998;65.120003;88.879990;75.680000;92.400024;146.960022;32.559998;29.039997;58.079998;102.079994;73.919998;113.519989;72.159996;38.720001;68.639999;130.240005;115.279999;95.919998;58.959999;97.680000;73.039993;44.879997;26.400002;139.919998;131.120010;134.639984;119.680000;101.200012;-70.400002;-11.440002;-89.759987;-187.440002;-75.680000;-9.679995;-15.840001;-174.240051;-73.919998;-32.560001;-99.440010;-160.160004;-89.759987;-159.279984;-164.559982;-227.919983;-180.399979;-36.080009;-172.479980;-65.120003;-218.240021;-159.279984;-21.999998;-175.999985;-111.759987;-65.119995;-167.200027;-149.600021;-189.200012;-87.120018;-183.919998;-15.840001;-34.320004;-218.240021;-87.120018;-242.880005;-150.480026;-70.400002;-93.280006;-124.959991;-74.799995;-200.639999;-72.159996;-54.559998;-186.560013;-170.719986;-175.999969;-47.520008;-100.319992;-160.160004;-44.879997;-47.520008;-202.399979;-205.039993;-218.240021;-36.960003;-161.919983;-143.439987;-212.959976;-187.440002;-15.840001;-212.079987
26.100006;120.930008;33.060005;90.479980;123.540001;92.220009;124.410004;62.640007;73.080009;82.650009;56.549995;120.930008;85.259995;101.789993;87.870003;129.630005;124.410004;85.259995;132.239975;85.259995;144.420029;32.190006;70.469994;97.439995;50.459999;107.880028;107.010010;118.319992;121.800011;100.920013;125.280006;59.160004;55.679993;30.450003;113.970001;79.169983;38.280003;112.230003;147.030014;78.300003;44.370007;23.490004;57.420006;79.169991;27.840000;29.580002;28.710001;105.270004;26.970001;131.369995;47.849998;52.200005;34.799995;138.330002;43.499996;67.859993;33.060005;98.310005;71.340019;82.650009;147.900040;43.499996;141.809967;80.910011;141.809967;64.380005;134.849991;26.969997;113.099991;131.369995;59.160004;100.920013;147.030014;86.999985;125.279999;109.620026;26.969997;37.409996;147.900024;55.679993;32.190006;24.360003;86.130005;49.589996;124.410004;94.830009;64.380005;87.870003;74.820000;91.349998;145.289993;32.189995;28.710001;57.419998;100.920013;73.080002;112.230003;71.340019;38.280003;67.859993;128.759995;113.970001;94.830009;58.290001;96.570000;72.210007;44.369999;26.100006;138.330017;129.630020;133.110001;118.320015;100.049995;-69.599998;-11.310001;-88.740013;-185.309982;-74.820000;-9.569998;-15.660002;-172.260010;-73.079994;-32.190002;-98.310013;-158.340027;-88.740013;-157.470016;-162.689987;-225.329956;-178.349960;-35.670006;-170.519974;-64.380005;-215.760010;-157.470016;-21.749998;-173.999954;-110.490013;-64.379997;-165.300018;-147.899963;-187.050003;-86.130005;-181.829971;-15.660002;-33.930004;-215.760010;-86.130005;-240.119995;-148.770020;-69.599998;-92.220016;-123.540009;-73.950005;-198.360016;-71.340012;-53.940006;-184.439987;-168.780029;-173.999969;-46.980007;-99.180008;-158.340027;-44.370003;-46.980007;-200.099960;-202.710007;-215.760010;-36.539997;-160.079971;-141.810013;-210.539993;-185.309982;-15.660002;-209.670013
25.800003;119.539993;32.679996;89.440002;122.120010;91.159988;122.980011;61.920010;72.239998;81.700012;55.900005;119.539993;84.279984;100.620003;86.860016;128.139999;122.980003;84.279984;130.720001;84.280006;142.760025;31.819998;69.660011;96.319992;49.880001;106.640015;105.779991;116.960007;120.399994;99.760010;123.839989;58.480000;55.040001;30.099995;112.659996;78.260002;37.839996;110.939987;145.339996;77.400009;43.859997;23.220001;56.759998;78.260002;27.520004;29.240004;28.379999;104.059990;26.659996;129.860001;47.299999;51.599991;34.400005;136.740021;43.000000;67.080009;32.679996;97.179985;70.519997;81.700012;146.199966;43.000000;140.180023;79.980003;140.180023;63.639999;133.299973;26.660000;111.799973;129.860001;58.480000;99.760010;145.339996;86.000008;123.839996;108.360008;26.660000;36.980000;146.199951;55.040001;31.819998;24.079998;85.139992;49.020004;122.980003;93.740013;63.639999;86.860016;73.960014;90.299995;143.619995;31.820000;28.379999;56.760006;99.760010;72.240013;110.939987;70.519997;37.839996;67.080009;127.279991;112.660004;93.740013;57.619991;95.460007;71.380005;43.859989;25.800003;136.740021;128.140015;131.580002;116.960007;98.900002;-68.800018;-11.180002;-87.720016;-183.180023;-73.960014;-9.459999;-15.479999;-170.279984;-72.240013;-31.820000;-97.179993;-156.519989;-87.720016;-155.660019;-160.820038;-222.740021;-176.299973;-35.260010;-168.560013;-63.639999;-213.279984;-155.660019;-21.500002;-172.000000;-109.220009;-63.639999;-163.399963;-146.199951;-184.899994;-85.139977;-179.740005;-15.479999;-33.540001;-213.279984;-85.139977;-237.359985;-147.059967;-68.800018;-91.160004;-122.120018;-73.099998;-196.080032;-70.520020;-53.319996;-182.320007;-166.839981;-172.000031;-46.440002;-98.039993;-156.519989;-43.860001;-46.440002;-197.800003;-200.380005;-213.279984;-36.120010;-158.239975;-140.180023;-208.120026;-183.180023;-15.479999;-207.259995
25.499998;118.150002;32.299995;88.400002;120.699974;90.100021;121.549995;61.200001;71.400009;80.749992;55.249992;118.150002;83.299988;99.449982;85.849998;126.650017;121.550003;83.299988;129.199997;83.300003;141.100006;31.450005;68.849998;95.199989;49.300007;105.400002;104.549995;115.600006;119.000008;98.600006;122.399994;57.799999;54.399994;29.750000;111.349998;77.350021;37.400005;109.650009;143.649979;76.500000;43.350002;22.950001;56.099998;77.349998;27.200001;28.900000;28.049999;102.850006;26.350002;128.350021;46.749992;51.000004;34.000000;135.149963;42.499996;66.300003;32.299995;96.050003;69.699997;80.749992;144.500000;42.499996;138.550018;79.049988;138.550034;62.899998;131.749985;26.350000;110.500000;128.350006;57.799999;98.600006;143.649979;84.999992;122.400002;107.100006;26.350000;36.550007;144.500000;54.399994;31.450005;23.799995;84.150009;48.450001;121.550003;92.650002;62.899998;85.849998;73.100006;89.250008;141.949997;31.449999;28.049999;56.100006;98.600006;71.400009;109.650009;69.699997;37.400005;66.300003;125.799988;111.349991;92.650002;56.949993;94.350006;70.550003;43.349995;25.499998;135.149948;126.650009;130.050018;115.599998;97.749985;-68.000015;-11.049998;-86.699989;-181.050034;-73.099991;-9.349998;-15.300000;-168.299988;-71.400002;-31.450005;-96.050018;-154.700012;-86.699989;-153.850021;-158.949997;-220.149994;-174.250031;-34.849995;-166.600006;-62.900005;-210.800003;-153.850021;-21.250004;-170.000000;-107.949997;-62.899990;-161.500046;-144.500000;-182.750015;-84.150002;-177.650009;-15.299999;-33.150002;-210.800003;-84.150002;-234.600037;-145.350006;-68.000015;-90.100006;-120.699997;-72.250015;-193.800003;-69.699997;-52.699993;-180.199982;-164.900024;-170.000031;-45.899998;-96.900002;-154.700012;-43.349995;-45.899998;-195.499969;-198.049973;-210.800003;-35.700012;-156.399994;-138.550003;-205.699966;-181.050034;-15.300000;-204.850037
25.200001;116.760010;31.920000;87.360001;119.279991;89.039993;120.119987;60.480000;70.560005;79.799980;54.600002;116.760010;82.320007;98.280006;84.839996;125.160004;120.119995;82.320007;127.680000;82.320007;139.439987;31.079998;68.039986;94.080009;48.720001;104.160004;103.319992;114.239990;117.599998;97.439995;120.960007;57.120003;53.760006;29.399992;110.040001;76.440025;36.960003;108.359985;141.960022;75.600006;42.840004;22.680004;55.439991;76.440010;26.880003;28.560005;27.719997;101.639999;26.040003;126.840012;46.200001;50.400002;33.599998;133.560028;42.000004;65.520004;31.920000;94.919998;68.879982;79.799980;142.800034;42.000004;136.920013;78.120003;136.920013;62.160000;130.199982;26.040001;109.199997;126.839996;57.120003;97.439995;141.960022;83.999992;120.959991;105.840012;26.040001;36.120003;142.800018;53.760006;31.079998;23.519999;83.160004;47.880005;120.119995;91.559990;62.160000;84.839996;72.239990;88.199997;140.279999;31.079994;27.719997;55.439995;97.439995;70.559990;108.359985;68.879982;36.960003;65.520012;124.320000;110.039993;91.559990;56.280003;93.239998;69.720016;42.840000;25.200001;133.560028;125.159996;128.520020;114.239990;96.599983;-67.199997;-10.919999;-85.680000;-178.919998;-72.239998;-9.240001;-15.120000;-166.319977;-70.560005;-31.080004;-94.919991;-152.879990;-85.680000;-152.039978;-157.079987;-217.559982;-172.199997;-34.440010;-164.639999;-62.159992;-208.320023;-152.039978;-20.999998;-168.000000;-106.679993;-62.160004;-159.600021;-142.800003;-180.600006;-83.160011;-175.559998;-15.120002;-32.760006;-208.319992;-83.160011;-231.839996;-143.640015;-67.199997;-89.040001;-119.279991;-71.400002;-191.519974;-68.879997;-52.080002;-178.079987;-162.959991;-167.999985;-45.360004;-95.759995;-152.879990;-42.839993;-45.360004;-193.200012;-195.720001;-208.320023;-35.279991;-154.559967;-136.919983;-203.279953;-178.919998;-15.120000;-202.439987
24.899998;115.369995;31.539999;86.320007;117.859993;87.979980;118.690002;59.760006;69.719986;78.850006;53.950001;115.369995;81.339996;97.110001;83.830017;123.669983;118.690010;81.339996;126.160004;81.340012;137.780045;30.710003;67.229988;92.959991;48.139996;102.919998;102.090004;112.879997;116.199989;96.279999;119.520012;56.439999;53.120007;29.049995;108.729980;75.529991;36.519997;107.069992;140.270004;74.699982;42.330009;22.410002;54.779995;75.529999;26.559998;28.219999;27.389999;100.430000;25.729998;125.330009;45.650002;49.800003;33.200001;131.970001;41.500004;64.739990;31.539999;93.789993;68.060005;78.850006;141.100021;41.500004;135.289993;77.190010;135.290009;61.420006;128.649979;25.730001;107.900009;125.330009;56.439999;96.279999;140.270004;82.999985;119.519997;104.579994;25.730001;35.689999;141.100006;53.120007;30.710003;23.240000;82.170006;47.309998;118.690010;90.469994;61.420006;83.830017;71.380005;87.149994;138.609955;30.710001;27.389999;54.779995;96.279999;69.720009;107.069992;68.060005;36.519997;64.739990;122.839981;108.729996;90.469994;55.610001;92.130005;68.889999;42.330002;24.899998;131.970016;123.669975;126.990013;112.880005;95.450005;-66.400009;-10.789997;-84.660011;-176.790024;-71.379997;-9.130001;-14.940001;-164.339981;-69.720009;-30.710003;-93.789986;-151.060013;-84.660011;-150.230011;-155.209976;-214.970001;-170.149963;-34.029999;-162.680023;-61.419998;-205.839981;-150.230011;-20.749996;-165.999954;-105.409996;-61.419998;-157.699966;-141.100021;-178.449997;-82.170006;-173.470016;-14.940000;-32.370003;-205.839966;-82.170006;-229.079987;-141.929993;-66.400009;-87.979996;-117.859993;-70.550003;-189.239990;-68.059990;-51.460003;-175.959991;-161.020020;-165.999985;-44.819996;-94.619980;-151.060013;-42.330002;-44.819996;-190.899994;-193.390045;-205.839981;-34.860004;-152.719986;-135.290039;-200.859970;-176.790024;-14.940001;-200.029984
24.600002;113.979996;31.160000;85.280006;116.440025;86.920006;117.259979;59.039997;68.879997;77.900009;53.299999;113.979996;80.359993;95.940025;82.820000;122.179985;117.260010;80.359993;124.639992;80.360001;136.119980;30.339998;66.419998;91.840004;47.559990;101.680016;100.859993;111.520012;114.800003;95.119987;118.079979;55.759995;52.480003;28.700001;107.419983;74.619980;36.080006;105.780006;138.580017;73.799995;41.820000;22.139997;54.119999;74.620003;26.239998;27.880001;27.059998;99.219986;25.419998;123.819984;45.100002;49.199997;32.799995;130.380005;41.000000;63.959995;31.160000;92.660011;67.239998;77.900009;139.399994;41.000000;133.660019;76.260002;133.659988;60.680004;127.099976;25.420000;106.600006;123.820000;55.759995;95.119987;138.580017;81.999992;118.080002;103.319992;25.420000;35.260002;139.399994;52.480003;30.339998;22.960001;81.180016;46.739994;117.260010;89.379997;60.680004;82.820000;70.519997;86.100006;136.940018;30.340004;27.059998;54.119999;95.119987;68.880005;105.780006;67.239998;36.080006;63.959995;121.360016;107.419998;89.379997;54.939999;91.020004;68.059990;41.819992;24.600002;130.380020;122.179985;125.460014;111.520020;94.300011;-65.599998;-10.660003;-83.640007;-174.660034;-70.520004;-9.019998;-14.760000;-162.360016;-68.880005;-30.340004;-92.660004;-149.240005;-83.640007;-148.419983;-153.340012;-212.380035;-168.099976;-33.619995;-160.720001;-60.679996;-203.360016;-148.419983;-20.499994;-163.999985;-104.139999;-60.679996;-155.799988;-139.400009;-176.300034;-81.180000;-171.380020;-14.760003;-31.980000;-203.360016;-81.180000;-226.319962;-140.220001;-65.599998;-86.919998;-116.440010;-69.700005;-186.959991;-67.239998;-50.840004;-173.839996;-159.080017;-163.999985;-44.279999;-93.480003;-149.240005;-41.820004;-44.279999;-188.600021;-191.059998;-203.360016;-34.440010;-150.880005;-133.660004;-198.440002;-174.660034;-14.760000;-197.619995
24.299999;112.589989;30.779997;84.239998;115.019989;85.860008;115.830002;58.319992;68.040009;76.949989;52.650013;112.589989;79.379990;94.770004;81.809990;120.690010;115.829987;79.379990;123.119995;79.380005;134.460007;29.970001;65.609993;90.720016;46.980003;100.440002;99.630005;110.160004;113.400002;93.959991;116.639999;55.079998;51.840004;28.349998;106.109993;73.709999;35.639999;104.490005;136.890030;72.899994;41.310001;21.869999;53.459988;73.709991;25.920004;27.539999;26.729994;98.010002;25.109999;122.309998;44.549992;48.600002;32.399998;128.789978;40.500000;63.180000;30.779997;91.530006;66.419991;76.949989;137.699997;40.500000;132.030014;75.330002;132.030029;59.939991;125.549988;25.110001;105.299988;122.309990;55.079998;93.959991;136.890030;81.000008;116.639984;102.059998;25.110001;34.830002;137.699982;51.840004;29.970001;22.679996;80.190002;46.169998;115.829987;88.290001;59.939991;81.809990;69.660004;85.050003;135.269989;29.969997;26.729994;53.459995;93.959991;68.040001;104.490005;66.419991;35.639999;63.179996;119.880013;106.110001;88.290001;54.270008;89.910004;67.229988;41.309994;24.299999;128.789978;120.690010;123.930008;110.159988;93.150002;-64.800011;-10.529999;-82.619980;-172.529968;-69.659996;-8.909999;-14.579998;-160.379990;-68.040001;-29.969994;-91.530014;-147.420013;-82.619980;-146.610016;-151.469971;-209.789963;-166.049988;-33.209995;-158.759995;-59.939999;-200.879990;-146.610016;-20.250002;-162.000000;-102.869987;-59.939991;-153.899979;-137.700012;-174.149994;-80.190002;-169.289978;-14.579997;-31.590010;-200.880005;-80.190002;-223.560059;-138.509979;-64.800011;-85.860016;-115.020004;-68.849991;-184.680008;-66.419983;-50.219997;-171.719971;-157.140015;-162.000000;-43.740002;-92.340019;-147.420013;-41.309990;-43.740002;-186.300003;-188.729996;-200.879990;-34.020000;-149.039993;-132.029999;-196.019974;-172.529968;-14.579998;-195.210007
24.000000;111.199982;30.399998;83.200005;113.600021;84.800011;114.399986;57.599987;67.199997;75.999985;52.000004;111.199982;78.399979;93.599991;80.800003;119.199997;114.399994;78.399979;121.599998;78.399986;132.799988;29.599997;64.800011;89.599998;46.399998;99.199982;98.400002;108.799988;112.000008;92.799995;115.200005;54.399998;51.199993;27.999994;104.799995;72.800011;35.199997;103.199997;135.199997;72.000000;40.799995;21.599998;52.800007;72.800011;25.599998;27.199993;26.400003;96.799995;24.799997;120.799988;44.000000;48.000000;31.999998;127.199974;40.000004;62.400005;30.399998;90.400002;65.600006;75.999985;136.000031;40.000004;130.399994;74.400002;130.399979;59.199989;124.000031;24.799997;104.000015;120.799995;54.399998;92.799995;135.199997;79.999985;115.199982;100.799988;24.799997;34.400005;135.999985;51.199993;29.599997;22.399998;79.199989;45.600002;114.399994;87.200005;59.199989;80.800003;68.800018;83.999992;133.600006;29.599998;26.400003;52.799999;92.799995;67.199989;103.199997;65.600006;35.199997;62.399986;118.399994;104.799980;87.200005;53.599991;88.799980;66.399986;40.799995;24.000000;127.199982;119.199989;122.399994;108.799988;92.000000;-63.999992;-10.400001;-81.599983;-170.400009;-68.800003;-8.799994;-14.400003;-158.400009;-67.199997;-29.599993;-90.400009;-145.599991;-81.599983;-144.799988;-149.600021;-207.199951;-164.000015;-32.799999;-156.799988;-59.199997;-198.399994;-144.799988;-19.999998;-160.000000;-101.599983;-59.199997;-152.000000;-136.000000;-171.999985;-79.200005;-167.199997;-14.399996;-31.199993;-198.399994;-79.200005;-220.799957;-136.800003;-63.999992;-84.800011;-113.600006;-67.999977;-182.400009;-65.600014;-49.599998;-169.599991;-155.200012;-159.999985;-43.200005;-91.199997;-145.599991;-40.799999;-43.200005;-184.000000;-186.399963;-198.399994;-33.600002;-147.199982;-130.399994;-193.599976;-170.400009;-14.400003;-192.799973
23.699997;109.809998;30.020002;82.160004;112.179993;83.739998;112.970016;56.880005;66.360008;75.049988;51.350006;109.809998;77.420006;92.430000;79.790001;117.709984;112.970009;77.420006;120.079994;77.419998;131.139984;29.230001;63.989990;88.479988;45.820000;97.959999;97.169983;107.439987;110.599998;91.639999;113.759987;53.719994;50.559994;27.650000;103.490013;71.890015;34.760006;101.909981;133.510010;71.100006;40.289993;21.330000;52.140007;71.890007;25.280003;26.859999;26.070004;95.589989;24.490002;119.290001;43.450001;47.400005;31.599997;125.610001;39.500000;61.619999;30.020002;89.270004;64.779999;75.049988;134.299973;39.500000;128.770004;73.470001;128.769989;58.459999;122.449997;24.490000;102.699997;119.289978;53.719994;91.639999;133.510010;78.999985;113.760002;99.539993;24.490000;33.970001;134.300003;50.559994;29.230001;22.120003;78.209999;45.029999;112.970009;86.110008;58.459999;79.790001;67.940002;82.949997;131.930008;29.230001;26.070004;52.139999;91.639999;66.360001;101.909981;64.779999;34.760006;61.620003;116.919983;103.489990;86.110008;52.930019;87.689995;65.569992;40.290001;23.699997;125.610001;117.709991;120.870003;107.439995;90.849983;-63.200005;-10.270001;-80.579994;-168.270004;-67.940002;-8.690000;-14.220000;-156.419998;-66.359993;-29.230001;-89.270004;-143.779968;-80.579994;-142.990005;-147.729996;-204.609985;-161.950012;-32.389996;-154.839981;-58.459995;-195.919968;-142.990005;-19.749994;-158.000000;-100.330002;-58.460011;-150.099976;-134.299973;-169.849976;-78.210014;-165.110001;-14.219998;-30.809998;-195.919968;-78.210014;-218.039978;-135.090012;-63.200005;-83.739990;-112.180000;-67.150002;-180.119995;-64.779984;-48.980000;-167.479996;-153.259995;-158.000031;-42.660000;-90.060013;-143.779968;-40.290005;-42.660000;-181.699997;-184.070007;-195.919968;-33.180000;-145.360001;-128.769989;-191.180008;-168.270004;-14.220000;-190.389954
23.400002;108.419983;29.639996;81.119995;110.759995;82.680016;111.540001;56.159996;65.519997;74.099991;50.699993;108.419983;76.439987;91.259995;78.780014;116.219986;111.539986;76.439987;118.559998;76.439995;129.479996;28.859997;63.180016;87.360008;45.239998;96.719986;95.939980;106.080017;109.200012;90.480003;112.319984;53.039997;49.919998;27.299997;102.179993;70.979996;34.320000;100.620003;131.819992;70.199997;39.779995;21.059999;51.479992;70.979996;24.959999;26.520000;25.740000;94.379997;24.179998;117.779984;42.899998;46.799999;31.199999;124.019997;38.999996;60.840000;29.639996;88.139992;63.959999;74.099991;132.600006;38.999996;127.139984;72.540001;127.139992;57.719994;120.899986;24.180000;101.399994;117.779991;53.039997;90.480003;131.819992;78.000000;112.319977;98.279991;24.180000;33.539997;132.599991;49.919998;28.859997;21.839996;77.220009;44.459999;111.539986;85.019997;57.719994;78.780014;67.080002;81.900002;130.260010;28.860003;25.740000;51.479996;90.480003;65.519997;100.620003;63.959999;34.320000;60.839993;115.439980;102.180000;85.019997;52.259995;86.580002;64.739998;39.780003;23.400002;124.019989;116.220001;119.339996;106.080002;89.699982;-62.400005;-10.140002;-79.559982;-166.140015;-67.080002;-8.580001;-14.040000;-154.439987;-65.519997;-28.860004;-88.140007;-141.959961;-79.559982;-141.179993;-145.860001;-202.019989;-159.899979;-31.979994;-152.880005;-57.720001;-193.440002;-141.179993;-19.500000;-156.000000;-99.060005;-57.720001;-148.199997;-132.600006;-167.699951;-77.220001;-163.020004;-14.040002;-30.419998;-193.440002;-77.220001;-215.279999;-133.380005;-62.400005;-82.680000;-110.760017;-66.300003;-177.840012;-63.959995;-48.360001;-165.359970;-151.320007;-156.000015;-42.120003;-88.920006;-141.959961;-39.780003;-42.120003;-179.400009;-181.739960;-193.440002;-32.760002;-143.520004;-127.139992;-188.760025;-166.140015;-14.040000;-187.979980
23.100000;107.029991;29.259998;80.079994;109.340012;81.619987;110.110001;55.439999;64.680000;73.149994;50.049992;107.029991;75.459991;90.090004;77.769997;114.729996;110.110001;75.459991;117.040009;75.460007;127.820000;28.490000;62.370003;86.240005;44.659996;95.479996;94.709999;104.719986;107.800003;89.320007;110.879990;52.360001;49.279995;26.950003;100.870003;70.070000;33.880001;99.329987;130.129959;69.300003;39.269997;20.789999;50.819996;70.070000;24.639999;26.179996;25.409998;93.169998;23.869997;116.270012;42.349991;46.200001;30.800001;122.429985;38.500000;60.059990;29.259998;87.009995;63.139996;73.149994;130.899994;38.500000;125.509995;71.610001;125.509995;56.979992;119.349983;23.869997;100.099983;116.269997;52.360001;89.320007;130.129959;76.999977;110.879974;97.020004;23.869997;33.110001;130.900009;49.279995;28.490000;21.559999;76.229988;43.889999;110.110001;83.929993;56.979992;77.769997;66.220009;80.849991;128.590012;28.490000;25.409998;50.819996;89.320007;64.679993;99.329987;63.139996;33.880001;60.059986;113.959999;100.869987;83.929993;51.589996;85.469986;63.910000;39.269993;23.100000;122.429993;114.730003;117.810013;104.719986;88.550003;-61.599998;-10.010002;-78.539978;-164.010010;-66.220009;-8.470002;-13.859998;-152.460007;-64.679993;-28.489998;-87.009979;-140.139969;-78.539978;-139.369995;-143.989990;-199.430023;-157.849991;-31.570002;-150.920013;-56.980000;-190.959991;-139.369995;-19.249994;-154.000031;-97.789978;-56.980000;-146.299988;-130.900009;-165.550018;-76.229988;-160.929993;-13.859999;-30.030001;-190.959976;-76.229988;-212.519989;-131.669952;-61.599998;-81.619980;-109.339996;-65.450005;-175.560043;-63.140003;-47.739998;-163.239975;-149.380005;-154.000000;-41.579994;-87.780006;-140.139969;-39.269997;-41.579994;-177.100021;-179.409988;-190.959991;-32.340004;-141.680008;-125.509979;-186.340073;-164.010010;-13.859998;-185.569962
22.799999;105.640007;28.879997;79.039993;107.919998;80.559998;108.680000;54.719997;63.839993;72.200012;49.400005;105.640007;74.479980;88.920006;76.759987;113.239990;108.679993;74.479980;115.519989;74.479996;126.159996;28.119999;61.560001;85.119995;44.079998;94.239990;93.479996;103.359970;106.399994;88.159996;109.440010;51.679996;48.639996;26.599998;99.560005;69.160011;33.439999;98.039986;128.440002;68.400009;38.759991;20.519999;50.160004;69.160004;24.320000;25.839996;25.079998;91.959991;23.559999;114.759995;41.799999;45.599998;30.399994;120.840004;38.000000;59.280006;28.879997;85.880013;62.319996;72.200012;129.200012;38.000000;123.879982;70.680000;123.879967;56.240002;117.799995;23.559998;98.799995;114.759987;51.679996;88.159996;128.440002;76.000000;109.439987;95.760010;23.559998;32.680000;129.199997;48.639996;28.119999;21.279999;75.240013;43.319996;108.679993;82.839996;56.240002;76.759987;65.360001;79.799995;126.919998;28.120001;25.079998;50.160000;88.159996;63.839985;98.039986;62.319996;33.439999;59.279999;112.480003;99.559990;82.839996;50.920006;84.359978;63.079998;38.759998;22.799999;120.839996;113.239998;116.280006;103.359985;87.399994;-60.799984;-9.879996;-77.519989;-161.879990;-65.359985;-8.360000;-13.680000;-150.479980;-63.839989;-28.119997;-85.879990;-138.320007;-77.519989;-137.559967;-142.119995;-196.839981;-155.799973;-31.159990;-148.959976;-56.239998;-188.480011;-137.559967;-19.000000;-151.999969;-96.520004;-56.239994;-144.400009;-129.200012;-163.399979;-75.239983;-158.840027;-13.679999;-29.640005;-188.480011;-75.239983;-209.759995;-129.959976;-60.799984;-80.559990;-107.919991;-64.599991;-173.280014;-62.319996;-47.119995;-161.120010;-147.439957;-151.999954;-41.039989;-86.639984;-138.320007;-38.759998;-41.039989;-174.799973;-177.079987;-188.480011;-31.920004;-139.839996;-123.880005;-183.919998;-161.879990;-13.680000;-183.159958
22.500000;104.250008;28.500002;78.000000;106.499992;79.499992;107.249992;53.999996;63.000000;71.249985;48.749992;104.250008;73.499977;87.749985;75.749992;111.750000;107.249985;73.499977;114.000000;73.499977;124.500000;27.749998;60.749992;84.000000;43.500000;92.999992;92.249992;102.000000;104.999985;86.999992;107.999985;51.000000;48.000000;26.250000;98.250000;68.250000;33.000000;96.750000;126.750000;67.499985;38.250000;20.250000;49.500000;68.250000;24.000000;25.500000;24.749996;90.749992;23.250002;113.250000;41.249996;44.999992;29.999998;119.249985;37.500000;58.500000;28.500002;84.749992;61.499996;71.249985;127.499985;37.500000;122.250000;69.750000;122.250000;55.500000;116.249992;23.249996;97.499985;113.250000;51.000000;86.999992;126.750000;75.000008;107.999985;94.500008;23.249996;32.250000;127.500008;48.000000;27.749998;21.000002;74.249985;42.750000;107.249985;81.749985;55.500000;75.749992;64.499992;78.749985;125.250008;27.750000;24.749996;49.500000;86.999992;63.000004;96.750000;61.499996;33.000000;58.500000;111.000000;98.250008;81.749985;50.249996;83.249992;62.249996;38.249996;22.500000;119.249977;111.750008;114.750015;101.999985;86.249992;-60.000011;-9.750000;-76.499985;-159.749985;-64.500008;-8.249998;-13.499998;-148.499985;-63.000008;-27.750000;-84.749977;-136.500000;-76.499985;-135.749985;-140.250000;-194.250000;-153.750000;-30.750002;-146.999969;-55.499996;-185.999985;-135.749985;-18.749996;-149.999985;-95.250023;-55.499996;-142.499985;-127.500000;-161.249985;-74.250000;-156.750015;-13.500002;-29.249998;-186.000015;-74.250000;-207.000015;-128.250015;-60.000011;-79.500000;-106.500023;-63.750011;-171.000000;-61.499996;-46.500004;-158.999985;-145.499985;-150.000000;-40.500000;-85.500015;-136.500000;-38.249996;-40.500000;-172.500000;-174.750000;-185.999985;-31.500000;-137.999985;-122.250008;-181.499985;-159.749985;-13.499998;-180.750015
22.199999;102.859985;28.119999;76.960007;105.080002;78.439995;105.819992;53.279991;62.159992;70.299988;48.100002;102.859985;72.520012;86.580002;74.740005;110.259987;105.819992;72.520012;112.479996;72.520012;122.840004;27.379999;59.939999;82.879990;42.920002;91.759987;91.019997;100.639992;103.600006;85.839989;106.559982;50.320007;47.360001;25.900000;96.939995;67.339996;32.559998;95.459991;125.059982;66.599998;37.740002;19.980001;48.840004;67.339996;23.679998;25.159998;24.419998;89.540001;22.939999;111.739998;40.699997;44.400002;29.599997;117.659996;37.000004;57.720001;28.119999;83.619987;60.680004;70.299988;125.799995;37.000004;120.619995;68.820000;120.619987;54.759995;114.699997;22.939999;96.199989;111.739998;50.320007;85.839989;125.059982;74.000008;106.560005;93.239998;22.939999;31.820000;125.799995;47.360001;27.379999;20.719995;73.260002;42.180004;105.819992;80.659996;54.759995;74.740005;63.640003;77.699997;123.580002;27.379997;24.419998;48.840000;85.839989;62.159996;95.459991;60.680004;32.559998;57.719994;109.519997;96.940002;80.659996;49.580002;82.140007;61.419994;37.739994;22.199999;117.660004;110.259987;113.220001;100.639984;85.100006;-59.199993;-9.619999;-75.480011;-157.620026;-63.640003;-8.140002;-13.320000;-146.519974;-62.160000;-27.379999;-83.619987;-134.679977;-75.480011;-133.940002;-138.380005;-191.660004;-151.699997;-30.340004;-145.039993;-54.759998;-183.520004;-133.940002;-18.499996;-148.000000;-93.979996;-54.759987;-140.599991;-125.799988;-159.099976;-73.259995;-154.659988;-13.320004;-28.860001;-183.519989;-73.259995;-204.240021;-126.539993;-59.199993;-78.440010;-105.080017;-62.900013;-168.720001;-60.679996;-45.879993;-156.880005;-143.560013;-148.000031;-39.960003;-84.360001;-134.679977;-37.739994;-39.960003;-170.199966;-172.420013;-183.520004;-31.079998;-136.160019;-120.620018;-179.080017;-157.620026;-13.320000;-178.340027
21.900002;101.470001;27.740000;75.920013;103.660004;77.379990;104.389992;52.559994;61.319996;69.349998;47.449997;101.470001;71.539993;85.409996;73.730003;108.769997;104.389984;71.539993;110.960007;71.540001;121.179993;27.009998;59.129997;81.760002;42.339996;90.519989;89.789993;99.279991;102.200005;84.680008;105.119995;49.640003;46.720005;25.549994;95.629997;66.429993;32.119999;94.170006;123.369987;65.699989;37.230000;19.710001;48.180004;66.429993;23.360001;24.820002;24.089998;88.329994;22.630001;110.229996;40.150005;43.799999;29.199997;116.070000;36.499992;56.940006;27.740000;82.490005;59.860001;69.349998;124.100014;36.499992;118.990013;67.889984;118.990005;54.019997;113.149986;22.629999;94.899986;110.229996;49.640003;84.680008;123.369987;72.999992;105.119980;91.980011;22.629999;31.389997;124.099998;46.720005;27.009998;20.439999;72.269997;41.609993;104.389984;79.570000;54.019997;73.730003;62.779999;76.650009;121.910004;27.009995;24.089998;48.180004;84.680008;61.319992;94.170006;59.860001;32.119999;56.940006;108.039986;95.629982;79.570000;48.910007;81.029999;60.589993;37.229992;21.900002;116.070000;108.770004;111.689995;99.279999;83.949997;-58.400009;-9.490000;-74.459999;-155.490005;-62.780003;-8.030002;-13.139999;-144.540009;-61.319996;-27.009998;-82.489975;-132.859940;-74.459999;-132.130020;-136.510010;-189.069992;-149.650009;-29.930004;-143.080017;-54.020000;-181.039978;-132.130020;-18.250004;-146.000000;-92.709999;-54.019989;-138.699997;-124.099991;-156.950027;-72.269997;-152.569946;-13.139997;-28.469999;-181.040009;-72.269997;-201.479996;-124.830002;-58.400009;-77.380005;-103.659996;-62.050003;-166.439987;-59.859997;-45.260002;-154.760025;-141.619995;-145.999985;-39.420002;-83.219994;-132.859940;-37.230003;-39.420002;-167.899979;-170.090012;-181.039978;-30.659992;-134.319992;-118.989983;-176.660034;-155.490005;-13.139999;-175.929993
21.599997;100.080009;27.359995;74.879990;102.240013;76.319984;102.959999;51.840008;60.479988;68.399994;46.799999;100.080009;70.559998;84.240021;72.720009;107.279991;102.960007;70.559998;109.439987;70.560005;119.520012;26.639999;58.320007;80.640022;41.760002;89.279999;88.560005;97.920006;100.800003;83.520004;103.680008;48.959995;46.080002;25.200005;94.320000;65.519997;31.680000;92.879997;121.680008;64.799988;36.720001;19.440006;47.520004;65.519997;23.039999;24.480000;23.759996;87.119995;22.320004;108.720009;39.600010;43.199997;28.799997;114.479980;36.000000;56.160004;27.359995;81.360001;59.039989;68.399994;122.400002;36.000000;117.359985;66.959991;117.359993;53.279999;111.599998;22.320000;93.599991;108.720016;48.959995;83.520004;121.680008;71.999985;103.680008;90.719994;22.320000;30.959995;122.400017;46.080002;26.639999;20.160000;71.279999;41.040005;102.960007;78.480003;53.279999;72.720009;61.919994;75.599998;120.239998;26.639992;23.759996;47.519993;83.520004;60.479996;92.879997;59.039989;31.680000;56.159996;106.559998;94.319984;78.480003;48.239998;79.919983;59.760006;36.719994;21.599997;114.479996;107.279991;110.160019;97.919991;82.800003;-57.600006;-9.360000;-73.440002;-153.360062;-61.919994;-7.920003;-12.960000;-142.559998;-60.480000;-26.640003;-81.359985;-131.039993;-73.440002;-130.320023;-134.639969;-186.480011;-147.600006;-29.520000;-141.119995;-53.280006;-178.559982;-130.320023;-17.999994;-144.000000;-91.440002;-53.279999;-136.799957;-122.400009;-154.800003;-71.279991;-150.479980;-12.960005;-28.080000;-178.559982;-71.279991;-198.720001;-123.120010;-57.600006;-76.320000;-102.239998;-61.200001;-164.160004;-59.040001;-44.639996;-152.639999;-139.679977;-144.000000;-38.879997;-82.079987;-131.039993;-36.720001;-38.879997;-165.599991;-167.759979;-178.559982;-30.240002;-132.479965;-117.359985;-174.240005;-153.360062;-12.960000;-173.519989
21.299995;98.689980;26.979998;73.840004;100.819984;75.260010;101.529999;51.120007;59.639996;67.449997;46.150005;98.689980;69.580009;83.070000;71.709984;105.790001;101.529999;69.580009;107.919983;69.580009;117.859993;26.270002;57.510002;79.520004;41.180000;88.040009;87.330002;96.560005;99.400002;82.360001;102.240013;48.279995;45.440006;24.850002;93.010002;64.610001;31.240004;91.589996;119.990013;63.899998;36.209995;19.170000;46.859997;64.609993;22.719997;24.140003;23.430000;85.910019;22.010002;107.210007;39.049999;42.599998;28.400003;112.890007;35.499996;55.380005;26.979998;80.229980;58.220001;67.449997;120.699982;35.499996;115.729996;66.030006;115.729988;52.540009;110.050003;22.010000;92.300003;107.209999;48.279995;82.360001;119.990013;70.999992;102.240013;89.459999;22.010000;30.530006;120.699974;45.440006;26.270002;19.880001;70.289993;40.469997;101.529999;77.390015;52.540009;71.709984;61.059998;74.550003;118.570015;26.270000;23.430000;46.859997;82.360001;59.639999;91.589996;58.220001;31.240004;55.380005;105.079994;93.010010;77.390015;47.570004;78.809998;58.930000;36.209999;21.299995;112.890007;105.790001;108.629990;96.559990;81.650009;-56.799995;-9.230002;-72.419983;-151.230011;-61.060001;-7.810005;-12.780005;-140.580002;-59.640003;-26.269999;-80.229996;-129.220016;-72.419983;-128.510010;-132.769974;-183.889969;-145.550003;-29.109997;-139.160019;-52.539997;-176.080002;-128.510010;-17.750000;-142.000000;-90.169991;-52.540001;-134.900024;-120.700005;-152.649994;-70.290001;-148.389984;-12.780005;-27.690002;-176.080002;-70.290001;-195.959991;-121.410011;-56.799995;-75.260002;-100.819992;-60.350014;-161.879990;-58.219986;-44.020000;-150.520004;-137.739990;-142.000000;-38.340000;-80.939995;-129.220016;-36.209991;-38.340000;-163.300003;-165.429993;-176.080002;-29.820000;-130.639984;-115.730003;-171.820023;-151.230011;-12.780005;-171.110046
21.000000;97.300003;26.599998;72.800011;99.400009;74.199997;100.099991;50.400002;58.799999;66.499985;45.500000;97.300003;68.599998;81.900002;70.699989;104.299995;100.099983;68.599998;106.400009;68.599998;116.200020;25.900000;56.699997;78.400002;40.600002;86.799995;86.099998;95.199997;98.000000;81.199989;100.799995;47.600002;44.799999;24.500004;91.700005;63.699993;30.800001;90.300003;118.300003;63.000004;35.700001;18.900002;46.200008;63.700001;22.400000;23.799995;23.100000;84.700005;21.700003;105.700005;38.499996;41.999996;27.999998;111.299995;35.000000;54.599995;26.599998;79.099998;57.400002;66.499985;119.000015;35.000000;114.099991;65.099998;114.100006;51.799999;108.500000;21.700001;91.000008;105.700005;47.600002;81.199989;118.300003;70.000008;100.799995;88.200012;21.700001;30.100000;119.000008;44.799999;25.900000;19.599998;69.299995;39.899998;100.099983;76.300003;51.799999;70.699989;60.200001;73.500000;116.899986;25.900000;23.100000;46.200001;81.199989;58.800003;90.300003;57.400002;30.800001;54.599995;103.599998;91.699997;76.300003;46.899998;77.699989;58.099998;35.700001;21.000000;111.300003;104.300018;107.100006;95.199989;80.500000;-56.000004;-9.099998;-71.400009;-149.100006;-60.200008;-7.699998;-12.600005;-138.600021;-58.800007;-25.900000;-79.099998;-127.399986;-71.400009;-126.700012;-130.899979;-181.299973;-143.500031;-28.700001;-137.200027;-51.800003;-173.600006;-126.700012;-17.500002;-140.000015;-88.900009;-51.799995;-132.999954;-118.999992;-150.499985;-69.300003;-146.299988;-12.600001;-27.300003;-173.600021;-69.300003;-193.200027;-119.699989;-56.000004;-74.199989;-99.400009;-59.499992;-159.599991;-57.400009;-43.399998;-148.400024;-135.799988;-140.000000;-37.800003;-79.800011;-127.399986;-35.700008;-37.800003;-160.999985;-163.100037;-173.600006;-29.400002;-128.800034;-114.100006;-169.399994;-149.100006;-12.600005;-168.700012
