0.000000;1000.000625;10.000375;10.000375;10.000375;10.000375;10.000375;100.037468;11.000416;11.000416;20.000075;10.000374;8.000075;9.000062;9.000037;30.000000;-nan;-nan;-nan;-nan;-nan;-nan;-nan;-nan;-nan;-nan;-nan;-nan;-nan;-nan;-nan
0.001000;1000.000625;10.000375;10.000375;10.000375;10.000375;10.000375;100.037468;11.000416;11.000416;20.000075;10.000374;8.000075;9.000062;9.000037;30.000000;1000.002955;10.810000;11.000000;10.360000;10.010000;10.010000;100.177484;11.001970;11.001970;20.000354;10.001772;8.000354;9.000296;9.000177;30.000000
0.002000;1000.000625;10.000375;10.000375;10.000375;10.000375;10.000375;100.037468;11.000416;11.000416;20.000075;10.000374;8.000075;9.000062;9.000037;30.000000;1000.002955;10.810000;11.000000;10.360000;10.010000;10.010000;100.177484;11.001970;11.001970;20.000354;10.001772;8.000354;9.000296;9.000177;30.000000
0.003000;1000.000625;10.000375;10.000375;10.000375;10.000375;10.000375;100.037468;11.000416;11.000416;20.000075;10.000374;8.000075;9.000062;9.000037;30.000000;1000.002955;10.810000;11.000000;10.360000;10.010000;10.010000;100.177484;11.001970;11.001970;20.000354;10.001772;8.000354;9.000296;9.000177;30.000000
0.004000;1000.000625;10.000375;10.000375;10.000375;10.000375;10.000375;100.037468;11.000416;11.000416;20.000075;10.000374;8.000075;9.000062;9.000037;30.000000;1000.002955;10.810000;11.000000;10.360000;10.010000;10.010000;100.177484;11.001970;11.001970;20.000354;10.001772;8.000354;9.000296;9.000177;30.000000
0.005000;1000.000625;10.000375;10.000375;10.000375;10.000375;10.000375;100.037468;11.000416;11.000416;20.000075;10.000374;8.000075;9.000062;9.000037;30.000000;1000.002955;10.810000;11.000000;10.360000;10.010000;10.010000;100.177484;11.001970;11.001970;20.000354;10.001772;8.000354;9.000296;9.000177;30.000000
0.006000;1000.000625;10.000375;10.000375;10.000375;10.000375;10.000375;100.037468;11.000416;11.000416;20.000075;10.000374;8.000075;9.000062;9.000037;30.000000;1000.002955;10.810000;11.000000;10.360000;10.010000;10.010000;100.177484;11.001970;11.001970;20.000354;10.001772;8.000354;9.000296;9.000177;30.000000
0.007000;1000.000625;10.000375;10.000375;10.000375;10.000375;10.000375;100.037468;11.000416;11.000416;20.000075;10.000374;8.000075;9.000062;9.000037;30.000000;1000.002955;10.810000;11.000000;10.360000;10.010000;10.010000;100.177484;11.001970;11.001970;20.000354;10.001772;8.000354;9.000296;9.000177;30.000000
0.008000;1000.000625;10.000375;10.000375;10.000375;10.000375;10.000375;100.037468;11.000416;11.000416;20.000075;10.000374;8.000075;9.000062;9.000037;30.000000;1000.002955;10.810000;11.000000;10.360000;10.010000;10.010000;100.177484;11.001970;11.001970;20.000354;10.001772;8.000354;9.000296;9.000177;30.000000
0.009000;1000.000625;10.000375;10.000375;10.000375;10.000375;10.000375;100.037468;11.000416;11.000416;20.000075;10.000374;8.000075;9.000062;9.000037;30.000000;1000.002955;10.810000;11.000000;10.360000;10.010000;10.010000;100.177484;11.001970;11.001970;20.000354;10.001772;8.000354;9.000296;9.000177;30.000000
0.010000;1000.000625;10.000375;10.000375;10.000375;10.000375;10.000375;100.037468;11.000416;11.000416;20.000075;10.000374;8.000075;9.000062;9.000037;30.000000;1000.002955;10.810000;11.000000;10.360000;10.010000;10.010000;100.177484;11.001970;11.001970;20.000354;10.001772;8.000354;9.000296;9.000177;30.000000
0.011000;1000.000625;10.000375;10.000375;10.000375;10.000375;10.000375;100.037468;11.000416;11.000416;20.000075;10.000374;8.000075;9.000062;9.000037;30.000000;1000.002955;10.810000;11.000000;10.360000;10.010000;10.010000;100.177484;11.001970;11.001970;20.000354;10.001772;8.000354;9.000296;9.000177;30.000000
0.012000;1000.000625;10.000375;10.000375;10.000375;10.000375;10.000375;100.037468;11.000416;11.000416;20.000075;10.000374;8.000075;9.000062;9.000037;30.000000;1000.002955;10.810000;11.000000;10.360000;10.010000;10.010000;100.177484;11.001970;11.001970;20.000354;10.001772;8.000354;9.000296;9.000177;30.000000
0.013000;1000.000625;10.000375;10.000375;10.000375;10.000375;10.000375;100.037468;11.000416;11.000416;20.000075;10.000374;8.000075;9.000062;9.000037;30.000000;1000.002955;10.810000;11.000000;10.360000;10.010000;10.010000;100.177484;11.001970;11.001970;20.000354;10.001772;8.000354;9.000296;9.000177;30.000000
0.014000;1000.000625;10.000375;10.000375;10.000375;10.000375;10.000375;100.037468;11.000416;11.000416;20.000075;10.000374;8.000075;9.000062;9.000037;30.000000;1000.002955;10.810000;11.000000;10.360000;10.010000;10.010000;100.177484;11.001970;11.001970;20.000354;10.001772;8.000354;9.000296;9.000177;30.000000
0.015000;1000.000625;10.000375;10.000375;10.000375;10.000375;10.000375;100.037468;11.000416;11.000416;20.000075;10.000374;8.000075;9.000062;9.000037;30.000000;1000.002955;10.810000;11.000000;10.360000;10.010000;10.010000;100.177484;11.001970;11.001970;20.000354;10.001772;8.000354;9.000296;9.000177;30.000000
0.016000;1000.000628;10.000377;10.000377;10.000377;10.000377;10.000377;100.037650;11.000418;11.000418;20.000075;10.000376;8.000075;9.000000;9.000000;30.000000;1000.002955;10.810000;11.000000;10.360000;10.010000;10.010000;100.177484;11.001970;11.001970;20.000354;10.001772;8.000354;9.000296;9.000177;30.000000
0.017000;1000.000637;10.000382;10.000382;10.000382;10.000382;10.000382;100.038179;11.000424;11.000424;20.000076;10.000382;8.000076;9.000337;9.000562;30.000000;1000.002955;10.810000;11.000000;10.360000;10.010000;10.010000;100.177484;11.001970;11.001970;20.000354;10.001772;8.000354;9.000296;9.000177;30.000000
0.018000;1000.000646;10.000387;10.000387;10.000387;10.000387;10.000387;100.038713;11.000430;11.000430;20.000077;10.000387;8.000077;9.001350;9.002250;30.000000;1000.002955;10.810000;11.000000;10.360000;10.010000;10.010000;100.177484;11.001970;11.001970;20.000354;10.001772;8.000354;9.000296;9.000177;30.000000
0.019000;1000.000654;10.000393;10.000393;10.000393;10.000393;10.000393;100.039250;11.000436;11.000436;20.000078;10.000392;8.000078;9.003037;9.005062;30.000000;1000.002955;10.810000;11.000000;10.360000;10.010000;10.010000;100.177484;11.001970;11.001970;20.000354;10.001772;8.000354;9.000296;9.000177;30.000000
0.020000;1000.000664;10.000398;10.000398;10.000398;10.000398;10.000398;100.039791;11.000442;11.000442;20.000079;10.000398;8.000079;9.005400;9.009000;30.000000;1000.002955;10.810000;11.000000;10.360000;10.010000;10.010000;100.177484;11.001970;11.001970;20.000354;10.001772;8.000354;9.000296;9.000177;30.000000
0.021000;1000.000673;10.000403;10.000403;10.000403;10.000403;10.000403;100.040335;11.000448;11.000448;20.000080;10.000403;8.000080;9.008437;9.014062;30.000000;1000.002955;10.810000;11.000000;10.360000;10.010000;10.010000;100.177484;11.001970;11.001970;20.000354;10.001772;8.000354;9.000296;9.000177;30.000000
0.022000;1000.000682;10.000409;10.000409;10.000409;10.000409;10.000409;100.040883;11.000454;11.000454;20.000081;10.000409;8.000081;9.012150;9.020250;30.000000;1000.002955;10.810000;11.000000;10.360000;10.010000;10.010000;100.177484;11.001970;11.001970;20.000354;10.001772;8.000354;9.000296;9.000177;30.000000
0.023000;1000.000691;10.000414;10.000414;10.000414;10.000414;10.000414;100.041435;11.000460;11.000460;20.000083;10.000414;8.000083;9.016537;9.027562;30.000000;1000.002955;10.810000;11.000000;10.360000;10.010000;10.010000;100.177484;11.001970;11.001970;20.000354;10.001772;8.000354;9.000296;9.000177;30.000000
0.024000;1000.000700;10.000420;10.000420;10.000420;10.000420;10.000420;100.041991;11.000467;11.000467;20.000084;10.000420;8.000084;9.021600;9.036000;30.000000;1000.002955;10.810000;11.000000;10.360000;10.010000;10.010000;100.177484;11.001970;11.001970;20.000354;10.001772;8.000354;9.000296;9.000177;30.000000
0.025000;1000.000710;10.000426;10.000426;10.000426;10.000426;10.000426;100.042550;11.000473;11.000473;20.000085;10.000425;8.000085;9.027337;9.045562;30.000000;1000.002955;10.810000;11.000000;10.360000;10.010000;10.010000;100.177484;11.001970;11.001970;20.000354;10.001772;8.000354;9.000296;9.000177;30.000000
0.026000;1000.000719;10.000431;10.000431;10.000431;10.000431;10.000431;100.043113;11.000479;11.000479;20.000086;10.000431;8.000086;9.033750;9.056249;30.000000;1000.002955;10.810000;11.000000;10.360000;10.010000;10.010000;100.177484;11.001970;11.001970;20.000354;10.001772;8.000354;9.000296;9.000177;30.000000
0.027000;1000.000728;10.000437;10.000437;10.000437;10.000437;10.000437;100.043679;11.000485;11.000485;20.000087;10.000437;8.000087;9.040837;9.068062;30.000000;1000.002955;10.810000;11.000000;10.360000;10.010000;10.010000;100.177484;11.001970;11.001970;20.000354;10.001772;8.000354;9.000296;9.000177;30.000000
0.028000;1000.000738;10.000443;10.000443;10.000443;10.000443;10.000443;100.044250;11.000492;11.000492;20.000088;10.000442;8.000088;9.048600;9.080999;30.000000;1000.002955;10.810000;11.000000;10.360000;10.010000;10.010000;100.177484;11.001970;11.001970;20.000354;10.001772;8.000354;9.000296;9.000177;30.000000
0.029000;1000.000747;10.000448;10.000448;10.000448;10.000448;10.000448;100.044824;11.000498;11.000498;20.000089;10.000448;8.000089;9.057037;9.095062;30.000000;1000.002955;10.810000;11.000000;10.360000;10.010000;10.010000;100.177484;11.001970;11.001970;20.000354;10.001772;8.000354;9.000296;9.000177;30.000000
0.030000;1000.000757;10.000454;10.000454;10.000454;10.000454;10.000454;100.045402;11.000505;11.000505;20.000090;10.000454;8.000090;9.066150;9.110249;30.000000;1000.002955;10.810000;11.000000;10.360000;10.010000;10.010000;100.177484;11.001970;11.001970;20.000354;10.001772;8.000354;9.000296;9.000177;30.000000
0.031000;1000.000767;10.000460;10.000460;10.000460;10.000460;10.000460;100.045983;11.000511;11.000511;20.000092;10.000460;8.000092;9.075937;9.126562;30.000000;1000.002955;10.810000;11.000000;10.360000;10.010000;10.010000;100.177484;11.001970;11.001970;20.000354;10.001772;8.000354;9.000296;9.000177;30.000000
0.032000;1000.000776;10.000466;10.000466;10.000466;10.000466;10.000466;100.046568;11.000518;11.000518;20.000093;10.000465;8.000093;9.086399;9.143999;30.000000;1000.002955;10.810000;11.000000;10.360000;10.010000;10.010000;100.177484;11.001970;11.001970;20.000354;10.001772;8.000354;9.000296;9.000177;30.000000
0.033000;1000.000786;10.000472;10.000472;10.000472;10.000472;10.000472;100.047157;11.000524;11.000524;20.000094;10.000471;8.000094;9.097537;9.162562;30.000000;1000.002955;10.810000;11.000000;10.360000;10.010000;10.010000;100.177484;11.001970;11.001970;20.000354;10.001772;8.000354;9.000296;9.000177;30.000000
0.034000;1000.000796;10.000478;10.000478;10.000478;10.000478;10.000478;100.047750;11.000531;11.000531;20.000095;10.000477;8.000095;9.109349;9.182249;30.000000;1000.002955;10.810000;11.000000;10.360000;10.010000;10.010000;100.177484;11.001970;11.001970;20.000354;10.001772;8.000354;9.000296;9.000177;30.000000
0.035000;1000.000806;10.000484;10.000484;10.000484;10.000484;10.000484;100.048346;11.000537;11.000537;20.000096;10.000483;8.000096;9.121837;9.203061;30.000000;1000.002955;10.810000;11.000000;10.360000;10.010000;10.010000;100.177484;11.001970;11.001970;20.000354;10.001772;8.000354;9.000296;9.000177;30.000000
0.036000;1000.000816;10.000490;10.000490;10.000490;10.000490;10.000490;100.048946;11.000544;11.000544;20.000098;10.000489;8.000098;9.134999;9.224999;30.000000;1000.002955;10.810000;11.000000;10.360000;10.010000;10.010000;100.177484;11.001970;11.001970;20.000354;10.001772;8.000354;9.000296;9.000177;30.000000
0.037000;1000.000826;10.000496;10.000496;10.000496;10.000496;10.000496;100.049549;11.000551;11.000551;20.000099;10.000495;8.000099;9.148837;9.248061;30.000000;1000.002955;10.810000;11.000000;10.360000;10.010000;10.010000;100.177484;11.001970;11.001970;20.000354;10.001772;8.000354;9.000296;9.000177;30.000000
0.038000;1000.000837;10.000503;10.000503;10.000503;10.000503;10.000503;100.050228;11.000518;11.000518;20.000100;10.000503;8.000100;9.163349;9.272249;30.000000;1000.002955;10.810000;11.000000;10.360000;10.010000;10.010000;100.177484;11.001970;11.001970;20.000354;10.001772;8.000354;9.000296;9.000177;30.000000
0.039000;1000.000850;10.000484;10.000484;10.000484;10.000484;10.000484;100.051145;11.000436;11.000436;20.000103;10.000518;8.000103;9.178537;9.297561;30.000000;1000.002955;10.810000;11.000000;10.360000;10.010000;10.010000;100.177484;11.001970;11.001970;20.000354;10.001772;8.000354;9.000296;9.000177;30.000000
0.040000;1000.000867;10.000400;10.000400;10.000400;10.000400;10.000400;100.052417;11.000360;11.000360;20.000109;10.000541;8.000108;9.194399;9.323999;30.000000;1000.002955;10.810000;11.000000;10.360000;10.010000;10.010000;100.177484;11.001970;11.001970;20.000354;10.001772;8.000354;9.000296;9.000177;30.000000
0.041000;1000.000884;10.000324;10.000324;10.000324;10.000324;10.000324;100.053706;11.000292;11.000292;20.000114;10.000564;8.000113;9.210937;9.351561;30.000000;1000.002955;10.810000;11.000000;10.360000;10.010000;10.010000;100.177484;11.001970;11.001970;20.000354;10.001772;8.000354;9.000296;9.000177;30.000000
0.042000;1000.000902;10.000256;10.000256;10.000256;10.000256;10.000256;100.055013;11.000230;11.000230;20.000119;10.000587;8.000118;9.228149;9.380249;30.000000;1000.002955;10.810000;11.000000;10.360000;10.010000;10.010000;100.177484;11.001970;11.001970;20.000354;10.001772;8.000354;9.000296;9.000177;30.000000
0.043000;1000.000921;10.000196;10.000196;10.000196;10.000196;10.000196;100.056338;11.000176;11.000176;20.000123;10.000610;8.000123;9.246037;9.410061;30.000000;1000.002955;10.810000;11.000000;10.360000;10.010000;10.010000;100.177484;11.001970;11.001970;20.000354;10.001772;8.000354;9.000296;9.000177;30.000000
0.044000;1000.000940;10.000144;10.000144;10.000144;10.000144;10.000144;100.057680;11.000130;11.000130;20.000128;10.000632;8.000127;9.264599;9.440998;30.000000;1000.002955;10.810000;11.000000;10.360000;10.010000;10.010000;100.177484;11.001970;11.001970;20.000354;10.001772;8.000354;9.000296;9.000177;30.000000
0.045000;1000.001063;10.000100;10.000100;10.000100;10.000100;10.000100;100.065349;11.000090;11.000090;20.078136;10.000725;8.000146;9.283836;9.473061;30.000000;1000.002955;10.810000;11.000000;10.360000;10.010000;10.010000;100.177484;11.001970;11.001970;20.000354;10.001772;8.000354;9.000296;9.000177;30.000000
0.046000;1000.001280;10.000064;10.000064;10.000064;10.000064;10.000064;100.078590;11.000058;11.000058;20.612532;10.000879;8.000178;9.303749;9.506248;30.000000;1000.002955;10.810000;11.000000;10.360000;10.010000;10.010000;100.177484;11.001970;11.001970;20.000354;10.001772;8.000354;9.000296;9.000177;30.000000
0.047000;1000.001518;10.000036;10.000036;10.000036;10.000036;10.000036;100.093056;11.000032;11.000032;21.653178;10.001046;8.000211;9.324336;9.540560;30.000000;1000.002955;10.810000;11.000000;10.360000;10.010000;10.010000;100.177484;11.001970;11.001970;20.000354;10.001772;8.000354;9.000296;9.000177;30.000000
0.048000;1000.001778;10.000016;10.000016;10.000016;10.000016;10.000016;100.108747;11.000014;11.000014;23.200074;10.001224;8.000248;9.345598;9.575997;30.000000;1000.002955;10.810000;11.000000;10.360000;10.010000;10.010000;100.177484;11.001970;11.001970;20.000354;10.001772;8.000354;9.000296;9.000177;30.000000
0.049000;1000.002059;10.000004;10.000004;10.000004;10.000004;10.000004;100.125664;11.000004;11.000004;25.253222;10.001414;8.000286;9.367535;9.612559;30.000000;1000.002955;10.810000;11.000000;10.360000;10.010000;10.010000;100.177484;11.001970;11.001970;20.000354;10.001772;8.000354;9.000296;9.000177;30.000000
0.050000;1000.002413;10.000000;10.000000;10.000000;10.000000;10.000000;100.146822;11.000000;11.000000;27.812619;10.000000;8.000333;9.390148;9.650246;30.000000;1000.002955;10.810000;11.000000;10.360000;10.010000;10.010000;100.177484;11.001970;11.001970;20.000354;10.001772;8.000354;9.000296;9.000177;30.000000
0.051000;1000.002952;10.000004;10.000004;10.000004;10.000004;10.000004;100.178842;11.000004;11.000004;30.878267;10.022502;8.000403;9.413435;9.689058;30.000000;1000.002955;10.810000;11.000000;10.360000;10.010000;10.010000;100.177484;11.001970;11.001970;20.000354;10.001772;8.000354;9.000296;9.000177;30.000000
0.052000;1000.003545;10.000016;10.000016;10.000016;10.000016;10.000016;100.214016;11.000014;11.000014;34.450166;10.090004;8.000479;9.437397;9.728995;30.000000;1000.002955;10.810000;11.000000;10.360000;10.010000;10.010000;100.177484;11.001970;11.001970;20.000354;10.001772;8.000354;9.000296;9.000177;30.000000
0.053000;1000.004193;10.000036;10.000036;10.000036;10.000036;10.000036;100.252345;11.000032;11.000032;38.528314;10.202505;8.000561;9.462034;9.770056;30.000000;1000.002955;10.810000;11.000000;10.360000;10.010000;10.010000;100.177484;11.001970;11.001970;20.000354;10.001772;8.000354;9.000296;9.000177;30.000000
0.054000;1000.004896;10.000064;10.000064;10.000064;10.000064;10.000064;100.293827;11.000058;11.000058;43.112714;10.360007;8.000649;9.487346;9.812243;30.000000;1000.002955;10.810000;11.000000;10.360000;10.010000;10.010000;100.177484;11.001970;11.001970;20.000354;10.001772;8.000354;9.000296;9.000177;30.000000
0.055000;1000.005652;10.000100;10.000100;10.000100;10.000100;10.000100;100.338460;11.000090;11.000090;48.203364;10.562509;8.000742;9.513333;9.855555;30.000000;1000.002955;10.810000;11.000000;10.360000;10.010000;10.010000;100.177484;11.001970;11.001970;20.000354;10.001772;8.000354;9.000296;9.000177;30.000000
0.056000;1000.006461;10.000144;10.000144;10.000144;10.000144;10.000144;100.386242;11.000130;11.000130;53.800264;10.810011;8.000841;9.539995;9.899991;30.000000;1000.002955;10.810000;11.000000;10.360000;10.010000;10.010000;100.177484;11.001970;11.001970;20.000354;10.001772;8.000354;9.000296;9.000177;30.000000
0.057000;1000.007323;10.000196;10.000196;10.000196;10.000196;10.000196;100.437173;11.000176;11.000176;59.903414;11.102513;8.000946;9.567332;9.945553;30.000000;1000.002955;10.810000;11.000000;10.360000;10.010000;10.010000;100.177484;11.001970;11.001970;20.000354;10.001772;8.000354;9.000296;9.000177;30.000000
0.058000;1000.024002;10.000256;10.000256;10.000256;10.000256;10.000256;100.479718;11.000230;11.000230;66.512816;11.440015;8.001032;9.595344;9.992240;30.000000;1000.002955;10.810000;11.000000;10.360000;10.010000;10.010000;100.177484;11.001970;11.001970;20.000354;10.001772;8.000354;9.000296;9.000177;30.000000
0.059000;1000.073504;10.000324;10.000324;10.000324;10.000324;10.000324;100.515520;11.000292;11.000292;73.628469;11.822517;8.001104;9.624031;10.040052;30.000000;1000.002955;10.810000;11.000000;10.360000;10.010000;10.010000;100.177484;11.001970;11.001970;20.000354;10.001772;8.000354;9.000296;9.000177;30.000000
0.060000;1000.150006;10.000400;10.000400;10.000400;10.000400;10.000400;100.554896;11.000360;11.000360;81.250373;12.250019;8.000000;9.653393;10.088989;30.000000;1000.002955;10.810000;11.000000;10.360000;10.010000;10.010000;100.177484;11.001970;11.001970;20.000354;10.001772;8.000354;9.000296;9.000177;30.000000
0.061000;1000.253509;10.000484;10.000484;10.000484;10.000484;10.000484;100.616769;11.000436;11.000436;89.378526;12.722521;8.112510;9.683430;10.139050;30.000000;1000.002955;10.810000;11.000000;10.360000;10.010000;10.010000;100.177484;11.001970;11.001970;20.000354;10.001772;8.000354;9.000296;9.000177;30.000000
0.062000;1000.384011;10.000576;10.000576;10.000576;10.000576;10.000576;100.681902;11.000518;11.000518;98.012929;13.240023;8.450019;9.714142;10.190236;30.000000;1000.002955;10.810000;11.000000;10.360000;10.010000;10.010000;100.177484;11.001970;11.001970;20.000354;10.001772;8.000354;9.000296;9.000177;30.000000
0.063000;1000.454140;10.000676;10.000676;10.000676;10.000676;10.000676;100.713919;11.000608;11.000608;102.215125;13.496900;8.684500;9.728713;10.214522;30.000000;1000.002955;10.810000;11.000000;10.360000;10.010000;10.010000;100.177484;11.001970;11.001970;20.000354;10.001772;8.000354;9.000296;9.000177;30.000000
0.064000;1000.443760;10.000784;10.000784;10.000784;10.000784;10.000784;100.711241;11.000706;11.000706;101.608000;13.459600;8.648000;9.726624;10.211040;30.000000;1000.002955;10.810000;11.000000;10.360000;10.010000;10.010000;100.177484;11.001970;11.001970;20.000354;10.001772;8.000354;9.000296;9.000177;30.000000
0.065000;1000.433500;10.000900;10.000900;10.000900;10.000900;10.000900;100.709024;11.000810;11.000810;101.003125;13.422500;8.612500;9.724538;10.207563;30.000000;1000.002955;10.810000;11.000000;10.360000;10.010000;10.010000;100.177484;11.001970;11.001970;20.000354;10.001772;8.000354;9.000296;9.000177;30.000000
0.066000;1000.423360;10.001024;10.001024;10.001024;10.001024;10.001024;100.706953;11.000922;11.000922;100.400500;13.385600;8.578000;9.722454;10.204090;30.000000;1000.002955;10.810000;11.000000;10.360000;10.010000;10.010000;100.177484;11.001970;11.001970;20.000354;10.001772;8.000354;9.000296;9.000177;30.000000
0.067000;1000.413340;10.001156;10.001156;10.001156;10.001156;10.001156;100.704928;11.001040;11.001040;99.800125;13.348900;8.544500;9.720374;10.200623;30.000000;1000.002955;10.810000;11.000000;10.360000;10.010000;10.010000;100.177484;11.001970;11.001970;20.000354;10.001772;8.000354;9.000296;9.000177;30.000000
0.068000;1000.403440;10.001296;10.001296;10.001296;10.001296;10.001296;100.702914;11.001166;11.001166;99.202000;13.312400;8.512000;9.718296;10.197160;30.000000;1000.002955;10.810000;11.000000;10.360000;10.010000;10.010000;100.177484;11.001970;11.001970;20.000354;10.001772;8.000354;9.000296;9.000177;30.000000
0.069000;1000.393660;10.001444;10.001444;10.001444;10.001444;10.001444;100.700903;11.001300;11.001300;98.606125;13.276100;8.480500;9.716222;10.193703;30.000000;1000.002955;10.810000;11.000000;10.360000;10.010000;10.010000;100.177484;11.001970;11.001970;20.000354;10.001772;8.000354;9.000296;9.000177;30.000000
0.070000;1000.384000;10.001600;10.001600;10.001600;10.001600;10.001600;100.698895;11.001440;11.001440;98.012500;13.240000;8.450000;9.714150;10.190250;30.000000;1000.002955;10.810000;11.000000;10.360000;10.010000;10.010000;100.177484;11.001970;11.001970;20.000354;10.001772;8.000354;9.000296;9.000177;30.000000
0.071000;1000.374460;10.001764;10.001764;10.001764;10.001764;10.001764;100.696890;11.001588;11.001588;97.421125;13.204100;8.420500;9.712082;10.186803;30.000000;1000.002955;10.810000;11.000000;10.360000;10.010000;10.010000;100.177484;11.001970;11.001970;20.000354;10.001772;8.000354;9.000296;9.000177;30.000000
0.072000;1000.365040;10.001936;10.001936;10.001936;10.001936;10.001936;100.694888;11.001742;11.001742;96.832000;13.168400;8.392000;9.710016;10.183360;30.000000;1000.002955;10.810000;11.000000;10.360000;10.010000;10.010000;100.177484;11.001970;11.001970;20.000354;10.001772;8.000354;9.000296;9.000177;30.000000
0.073000;1000.355740;10.002116;10.002116;10.002116;10.002116;10.002116;100.692889;11.001904;11.001904;96.245125;13.132900;8.364500;9.707954;10.179923;30.000000;1000.002955;10.810000;11.000000;10.360000;10.010000;10.010000;100.177484;11.001970;11.001970;20.000354;10.001772;8.000354;9.000296;9.000177;30.000000
0.074000;1000.346560;10.002304;10.002304;10.002304;10.002304;10.002304;100.690893;11.002074;11.002074;95.660500;13.097600;8.338000;9.705894;10.176490;30.000000;1000.002955;10.810000;11.000000;10.360000;10.010000;10.010000;100.177484;11.001970;11.001970;20.000354;10.001772;8.000354;9.000296;9.000177;30.000000
0.075000;1000.337500;10.002500;10.002500;10.002500;10.002500;10.002500;100.688899;11.002250;11.002250;95.078125;13.062500;8.312500;9.703838;10.173063;30.000000;1000.002955;10.810000;11.000000;10.360000;10.010000;10.010000;100.177484;11.001970;11.001970;20.000354;10.001772;8.000354;9.000296;9.000177;30.000000
0.076000;1000.328560;10.002704;10.002704;10.002704;10.002704;10.002704;100.686909;11.002434;11.002434;94.498000;13.027600;8.288000;9.701784;10.169640;30.000000;1000.002955;10.810000;11.000000;10.360000;10.010000;10.010000;100.177484;11.001970;11.001970;20.000354;10.001772;8.000354;9.000296;9.000177;30.000000
0.077000;1000.319740;10.002916;10.002916;10.002916;10.002916;10.002916;100.684921;11.002624;11.002624;93.920125;12.992900;8.264500;9.699734;10.166222;30.000000;1000.002955;10.810000;11.000000;10.360000;10.010000;10.010000;100.177484;11.001970;11.001970;20.000354;10.001772;8.000354;9.000296;9.000177;30.000000
0.078000;1000.311040;10.003136;10.003136;10.003136;10.003136;10.003136;100.682936;11.002822;11.002822;93.344500;12.958400;8.242000;9.697686;10.162810;30.000000;1000.002955;10.810000;11.000000;10.360000;10.010000;10.010000;100.177484;11.001970;11.001970;20.000354;10.001772;8.000354;9.000296;9.000177;30.000000
0.079000;1000.302460;10.003364;10.003364;10.003364;10.003364;10.003364;100.680954;11.003028;11.003028;92.771125;12.924100;8.220500;9.695642;10.159403;30.000000;1000.002955;10.810000;11.000000;10.360000;10.010000;10.010000;100.177484;11.001970;11.001970;20.000354;10.001772;8.000354;9.000296;9.000177;30.000000
0.080000;1000.294000;10.003600;10.003600;10.003600;10.003600;10.003600;100.678975;11.003240;11.003240;92.200000;12.890000;8.200000;9.693600;10.156000;30.000000;1000.002955;10.810000;11.000000;10.360000;10.010000;10.010000;100.177484;11.001970;11.001970;20.000354;10.001772;8.000354;9.000296;9.000177;30.000000
0.081000;1000.285660;10.003844;10.003844;10.003844;10.003844;10.003844;100.676999;11.003460;11.003460;91.631125;12.856100;8.180500;9.691562;10.152603;30.000000;1000.002955;10.810000;11.000000;10.360000;10.010000;10.010000;100.177484;11.001970;11.001970;20.000354;10.001772;8.000354;9.000296;9.000177;30.000000
0.082000;1000.277440;10.004096;10.004096;10.004096;10.004096;10.004096;100.675025;11.003686;11.003686;91.064500;12.822400;8.162000;9.689526;10.149210;30.000000;1000.002955;10.810000;11.000000;10.360000;10.010000;10.010000;100.177484;11.001970;11.001970;20.000354;10.001772;8.000354;9.000296;9.000177;30.000000
0.083000;1000.269340;10.004356;10.004356;10.004356;10.004356;10.004356;100.673055;11.003920;11.003920;90.500125;12.788900;8.144500;9.687493;10.145822;30.000000;1000.002955;10.810000;11.000000;10.360000;10.010000;10.010000;100.177484;11.001970;11.001970;20.000354;10.001772;8.000354;9.000296;9.000177;30.000000
0.084000;1000.261360;10.004624;10.004624;10.004624;10.004624;10.004624;100.671087;11.004162;11.004162;89.938000;12.755600;8.128000;9.685464;10.142440;30.000000;1000.002955;10.810000;11.000000;10.360000;10.010000;10.010000;100.177484;11.001970;11.001970;20.000354;10.001772;8.000354;9.000296;9.000177;30.000000
0.085000;1000.253500;10.004900;10.004900;10.004900;10.004900;10.004900;100.669122;11.004410;11.004410;89.378125;12.722500;8.112500;9.683438;10.139063;30.000000;1000.002955;10.810000;11.000000;10.360000;10.010000;10.010000;100.177484;11.001970;11.001970;20.000354;10.001772;8.000354;9.000296;9.000177;30.000000
0.086000;1000.245760;10.005184;10.005184;10.005184;10.005184;10.005184;100.667160;11.004666;11.004666;88.820500;12.689600;8.098000;9.681414;10.135690;30.000000;1000.002955;10.810000;11.000000;10.360000;10.010000;10.010000;100.177484;11.001970;11.001970;20.000354;10.001772;8.000354;9.000296;9.000177;30.000000
0.087000;1000.238140;10.005476;10.005476;10.005476;10.005476;10.005476;100.665201;11.004928;11.004928;88.265125;12.656900;8.084500;9.679393;10.132323;30.000000;1000.002955;10.810000;11.000000;10.360000;10.010000;10.010000;100.177484;11.001970;11.001970;20.000354;10.001772;8.000354;9.000296;9.000177;30.000000
0.088000;1000.230640;10.005776;10.005776;10.005776;10.005776;10.005776;100.663245;11.005198;11.005198;87.712000;12.624400;8.072000;9.677376;10.128960;30.000000;1000.002955;10.810000;11.000000;10.360000;10.010000;10.010000;100.177484;11.001970;11.001970;20.000354;10.001772;8.000354;9.000296;9.000177;30.000000
0.089000;1000.223260;10.006084;10.006084;10.006084;10.006084;10.006084;100.661291;11.005476;11.005476;87.161125;12.592100;8.060500;9.675362;10.125603;30.000000;1000.002955;10.810000;11.000000;10.360000;10.010000;10.010000;100.177484;11.001970;11.001970;20.000354;10.001772;8.000354;9.000296;9.000177;30.000000
0.090000;1000.216000;10.006400;10.006400;10.006400;10.006400;10.006400;100.659341;11.005760;11.005760;86.612500;12.560000;8.050000;9.673350;10.122250;30.000000;1000.002955;10.810000;11.000000;10.360000;10.010000;10.010000;100.177484;11.001970;11.001970;20.000354;10.001772;8.000354;9.000296;9.000177;30.000000
0.091000;1000.208860;10.006724;10.006724;10.006724;10.006724;10.006724;100.657393;11.006052;11.006052;86.066125;12.528100;8.040500;9.671342;10.118903;30.000000;1000.002955;10.810000;11.000000;10.360000;10.010000;10.010000;100.177484;11.001970;11.001970;20.000354;10.001772;8.000354;9.000296;9.000177;30.000000
0.092000;1000.201840;10.007056;10.007056;10.007056;10.007056;10.007056;100.655448;11.006350;11.006350;85.522000;12.496400;8.032000;9.669336;10.115560;30.000000;1000.002955;10.810000;11.000000;10.360000;10.010000;10.010000;100.177484;11.001970;11.001970;20.000354;10.001772;8.000354;9.000296;9.000177;30.000000
0.093000;1000.194940;10.007396;10.007396;10.007396;10.007396;10.007396;100.653505;11.006656;11.006656;84.980125;12.464900;8.024500;9.667333;10.112222;30.000000;1000.002955;10.810000;11.000000;10.360000;10.010000;10.010000;100.177484;11.001970;11.001970;20.000354;10.001772;8.000354;9.000296;9.000177;30.000000
0.094000;1000.188160;10.007744;10.007744;10.007744;10.007744;10.007744;100.651565;11.006970;11.006970;84.440500;12.433600;8.018000;9.665334;10.108890;30.000000;1000.002955;10.810000;11.000000;10.360000;10.010000;10.010000;100.177484;11.001970;11.001970;20.000354;10.001772;8.000354;9.000296;9.000177;30.000000
0.095000;1000.181500;10.008100;10.008100;10.008100;10.008100;10.008100;100.649628;11.007290;11.007290;83.903125;12.402500;8.012500;9.663337;10.105562;30.000000;1000.002955;10.810000;11.000000;10.360000;10.010000;10.010000;100.177484;11.001970;11.001970;20.000354;10.001772;8.000354;9.000296;9.000177;30.000000
0.096000;1000.174960;10.008464;10.008464;10.008464;10.008464;10.008464;100.647693;11.007618;11.007618;83.368000;12.371600;8.008000;9.661344;10.102240;30.000000;1000.002955;10.810000;11.000000;10.360000;10.010000;10.010000;100.177484;11.001970;11.001970;20.000354;10.001772;8.000354;9.000296;9.000177;30.000000
0.097000;1000.168540;10.008836;10.008836;10.008836;10.008836;10.008836;100.645760;11.007952;11.007952;82.835125;12.340900;8.004500;9.659354;10.098923;30.000000;1000.002955;10.810000;11.000000;10.360000;10.010000;10.010000;100.177484;11.001970;11.001970;20.000354;10.001772;8.000354;9.000296;9.000177;30.000000
0.098000;1000.162240;10.009216;10.009216;10.009216;10.009216;10.009216;100.643829;11.008294;11.008294;82.304500;12.310400;8.002000;9.657366;10.095610;30.000000;1000.002955;10.810000;11.000000;10.360000;10.010000;10.010000;100.177484;11.001970;11.001970;20.000354;10.001772;8.000354;9.000296;9.000177;30.000000
0.099000;1000.156060;10.009604;10.009604;10.009604;10.009604;10.009604;100.641900;11.008644;11.008644;81.776125;12.280100;8.000500;9.655382;10.092303;30.000000;1000.002955;10.810000;11.000000;10.360000;10.010000;10.010000;100.177484;11.001970;11.001970;20.000354;10.001772;8.000354;9.000296;9.000177;30.000000
0.100000;1000.150000;10.010000;10.010000;10.010000;10.010000;10.010000;100.639973;11.009000;11.009000;81.250000;12.250000;8.000000;9.653400;10.089000;30.000000;1000.002955;10.810000;11.000000;10.360000;10.010000;10.010000;100.177484;11.001970;11.001970;20.000354;10.001772;8.000354;9.000296;9.000177;30.000000
0.101000;1000.144060;10.010404;10.010404;10.010404;10.010404;10.010404;100.638047;11.009364;11.009364;80.726125;12.220100;8.000500;9.651422;10.085703;30.000000;1000.002955;10.810000;11.000000;10.360000;10.010000;10.010000;100.177484;11.001970;11.001970;20.000354;10.001772;8.000354;9.000296;9.000177;30.000000
0.102000;1000.138240;10.010816;10.010816;10.010816;10.010816;10.010816;100.636123;11.009734;11.009734;80.204500;12.190400;8.002000;9.649446;10.082410;30.000000;1000.002955;10.810000;11.000000;10.360000;10.010000;10.010000;100.177484;11.001970;11.001970;20.000354;10.001772;8.000354;9.000296;9.000177;30.000000
0.103000;1000.132540;10.011236;10.011236;10.011236;10.011236;10.011236;100.634199;11.010112;11.010112;79.685125;12.160900;8.004500;9.647474;10.079123;30.000000;1000.002955;10.810000;11.000000;10.360000;10.010000;10.010000;100.177484;11.001970;11.001970;20.000354;10.001772;8.000354;9.000296;9.000177;30.000000
0.104000;1000.126960;10.011664;10.011664;10.011664;10.011664;10.011664;100.632276;11.010498;11.010498;79.168000;12.131600;8.008000;9.645504;10.075840;30.000000;1000.002955;10.810000;11.000000;10.360000;10.010000;10.010000;100.177484;11.001970;11.001970;20.000354;10.001772;8.000354;9.000296;9.000177;30.000000
0.105000;1000.121500;10.012100;10.012100;10.012100;10.012100;10.012100;100.630353;11.010890;11.010890;78.653125;12.102500;8.012500;9.643537;10.072562;30.000000;1000.002955;10.810000;11.000000;10.360000;10.010000;10.010000;100.177484;11.001970;11.001970;20.000354;10.001772;8.000354;9.000296;9.000177;30.000000
0.106000;1000.116160;10.012544;10.012544;10.012544;10.012544;10.012544;100.628430;11.011290;11.011290;78.140500;12.073600;8.018000;9.641574;10.069290;30.000000;1000.002955;10.810000;11.000000;10.360000;10.010000;10.010000;100.177484;11.001970;11.001970;20.000354;10.001772;8.000354;9.000296;9.000177;30.000000
0.107000;1000.110940;10.012996;10.012996;10.012996;10.012996;10.012996;100.626507;11.011696;11.011696;77.630125;12.044900;8.024500;9.639613;10.066022;30.000000;1000.002955;10.810000;11.000000;10.360000;10.010000;10.010000;100.177484;11.001970;11.001970;20.000354;10.001772;8.000354;9.000296;9.000177;30.000000
0.108000;1000.105840;10.013456;10.013456;10.013456;10.013456;10.013456;100.624583;11.012110;11.012110;77.122000;12.016400;8.032000;9.637656;10.062760;30.000000;1000.002955;10.810000;11.000000;10.360000;10.010000;10.010000;100.177484;11.001970;11.001970;20.000354;10.001772;8.000354;9.000296;9.000177;30.000000
0.109000;1000.100860;10.013924;10.013924;10.013924;10.013924;10.013924;100.622658;11.012532;11.012532;76.616125;11.988100;8.040500;9.635701;10.059503;30.000000;1000.002955;10.810000;11.000000;10.360000;10.010000;10.010000;100.177484;11.001970;11.001970;20.000354;10.001772;8.000354;9.000296;9.000177;30.000000
0.110000;1000.096000;10.014400;10.014400;10.014400;10.014400;10.014400;100.620731;11.012960;11.012960;76.112500;11.960000;8.050000;9.633750;10.056250;30.000000;1000.002955;10.810000;11.000000;10.360000;10.010000;10.010000;100.177484;11.001970;11.001970;20.000354;10.001772;8.000354;9.000296;9.000177;30.000000
0.111000;1000.091260;10.014884;10.014884;10.014884;10.014884;10.014884;100.618802;11.013396;11.013396;75.611125;11.932100;8.060500;9.631802;10.053003;30.000000;1000.002955;10.810000;11.000000;10.360000;10.010000;10.010000;100.177484;11.001970;11.001970;20.000354;10.001772;8.000354;9.000296;9.000177;30.000000
0.112000;1000.086640;10.015376;10.015376;10.015376;10.015376;10.015376;100.616871;11.013838;11.013838;75.112000;11.904400;8.072000;9.629856;10.049760;30.000000;1000.002955;10.810000;11.000000;10.360000;10.010000;10.010000;100.177484;11.001970;11.001970;20.000354;10.001772;8.000354;9.000296;9.000177;30.000000
0.113000;1000.082140;10.015876;10.015876;10.015876;10.015876;10.015876;100.614937;11.014288;11.014288;74.615125;11.876900;8.084500;9.627914;10.046523;30.000000;1000.002955;10.810000;11.000000;10.360000;10.010000;10.010000;100.177484;11.001970;11.001970;20.000354;10.001772;8.000354;9.000296;9.000177;30.000000
0.114000;1000.077760;10.016384;10.016384;10.016384;10.016384;10.016384;100.613000;11.014746;11.014746;74.120500;11.849600;8.098000;9.625974;10.043290;30.000000;1000.002955;10.810000;11.000000;10.360000;10.010000;10.010000;100.177484;11.001970;11.001970;20.000354;10.001772;8.000354;9.000296;9.000177;30.000000
0.115000;1000.073500;10.016900;10.016900;10.016900;10.016900;10.016900;100.611059;11.015210;11.015210;73.628125;11.822500;8.112500;9.624038;10.040063;30.000000;1000.002955;10.810000;11.000000;10.360000;10.010000;10.010000;100.177484;11.001970;11.001970;20.000354;10.001772;8.000354;9.000296;9.000177;30.000000
0.116000;1000.069360;10.017424;10.017424;10.017424;10.017424;10.017424;100.609113;11.015682;11.015682;73.138000;11.795600;8.128000;9.622104;10.036840;30.000000;1000.002955;10.810000;11.000000;10.360000;10.010000;10.010000;100.177484;11.001970;11.001970;20.000354;10.001772;8.000354;9.000296;9.000177;30.000000
0.117000;1000.065340;10.017956;10.017956;10.017956;10.017956;10.017956;100.607164;11.016160;11.016160;72.650125;11.768900;8.144500;9.620174;10.033623;30.000000;1000.002955;10.810000;11.000000;10.360000;10.010000;10.010000;100.177484;11.001970;11.001970;20.000354;10.001772;8.000354;9.000296;9.000177;30.000000
0.118000;1000.061440;10.018496;10.018496;10.018496;10.018496;10.018496;100.605209;11.016646;11.016646;72.164500;11.742400;8.162000;9.618246;10.030410;30.000000;1000.002955;10.810000;11.000000;10.360000;10.010000;10.010000;100.177484;11.001970;11.001970;20.000354;10.001772;8.000354;9.000296;9.000177;30.000000
0.119000;1000.057660;10.019044;10.019044;10.019044;10.019044;10.019044;100.603249;11.017140;11.017140;71.681125;11.716100;8.180500;9.616322;10.027203;30.000000;1000.002955;10.810000;11.000000;10.360000;10.010000;10.010000;100.177484;11.001970;11.001970;20.000354;10.001772;8.000354;9.000296;9.000177;30.000000
0.120000;1000.054000;10.019600;10.019600;10.019600;10.019600;10.019600;100.601283;11.017640;11.017640;71.200000;11.690000;8.200000;9.614400;10.024000;30.000000;1000.002955;10.810000;11.000000;10.360000;10.010000;10.010000;100.177484;11.001970;11.001970;20.000354;10.001772;8.000354;9.000296;9.000177;30.000000
0.121000;1000.050460;10.020164;10.020164;10.020164;10.020164;10.020164;100.599310;11.018148;11.018148;70.721125;11.664100;8.220500;9.612481;10.020803;30.000000;1000.002955;10.810000;11.000000;10.360000;10.010000;10.010000;100.177484;11.001970;11.001970;20.000354;10.001772;8.000354;9.000296;9.000177;30.000000
0.122000;1000.047040;10.020736;10.020736;10.020736;10.020736;10.020736;100.597331;11.018662;11.018662;70.244500;11.638400;8.242000;9.610566;10.017610;30.000000;1000.002955;10.810000;11.000000;10.360000;10.010000;10.010000;100.177484;11.001970;11.001970;20.000354;10.001772;8.000354;9.000296;9.000177;30.000000
0.123000;1000.043740;10.021316;10.021316;10.021316;10.021316;10.021316;100.595344;11.019184;11.019184;69.770125;11.612900;8.264500;9.608653;10.014422;30.000000;1000.002955;10.810000;11.000000;10.360000;10.010000;10.010000;100.177484;11.001970;11.001970;20.000354;10.001772;8.000354;9.000296;9.000177;30.000000
0.124000;1000.040560;10.021904;10.021904;10.021904;10.021904;10.021904;100.593350;11.019714;11.019714;69.298000;11.587600;8.288000;9.606744;10.011240;30.000000;1000.002955;10.810000;11.000000;10.360000;10.010000;10.010000;100.177484;11.001970;11.001970;20.000354;10.001772;8.000354;9.000296;9.000177;30.000000
0.125000;1000.037500;10.022500;10.022500;10.022500;10.022500;10.022500;100.591348;11.020250;11.020250;68.828125;11.562500;8.312500;9.604838;10.008063;30.000000;1000.002955;10.810000;11.000000;10.360000;10.010000;10.010000;100.177484;11.001970;11.001970;20.000354;10.001772;8.000354;9.000296;9.000177;30.000000
0.126000;1000.034560;10.023104;10.023104;10.023104;10.023104;10.023104;100.589337;11.020794;11.020794;68.360500;11.537600;8.338000;9.602934;10.004890;30.000000;1000.002955;10.810000;11.000000;10.360000;10.010000;10.010000;100.177484;11.001970;11.001970;20.000354;10.001772;8.000354;9.000296;9.000177;30.000000
0.127000;1000.031740;10.023716;10.023716;10.023716;10.023716;10.023716;100.587318;11.021344;11.021344;67.895125;11.512900;8.364500;9.601034;10.001723;30.000000;1000.002955;10.810000;11.000000;10.360000;10.010000;10.010000;100.177484;11.001970;11.001970;20.000354;10.001772;8.000354;9.000296;9.000177;30.000000
0.128000;1000.029040;10.024336;10.024336;10.024336;10.024336;10.024336;100.585289;11.021902;11.021902;67.432000;11.488400;8.392000;9.599136;9.998560;30.000000;1000.002955;10.810000;11.000000;10.360000;10.010000;10.010000;100.177484;11.001970;11.001970;20.000354;10.001772;8.000354;9.000296;9.000177;30.000000
0.129000;1000.026460;10.024964;10.024964;10.024964;10.024964;10.024964;100.583251;11.022468;11.022468;66.971125;11.464100;8.420500;9.597241;9.995402;30.000000;1000.002955;10.810000;11.000000;10.360000;10.010000;10.010000;100.177484;11.001970;11.001970;20.000354;10.001772;8.000354;9.000296;9.000177;30.000000
0.130000;1000.024000;10.025600;10.025600;10.025600;10.025600;10.025600;100.581204;11.023040;11.023040;66.512500;11.440000;8.450000;9.595350;9.992250;30.000000;1000.002955;10.810000;11.000000;10.360000;10.010000;10.010000;100.177484;11.001970;11.001970;20.000354;10.001772;8.000354;9.000296;9.000177;30.000000
0.131000;1000.021660;10.026244;10.026244;10.026244;10.026244;10.026244;100.579146;11.023620;11.023620;66.056125;11.416100;8.480500;9.593462;9.989102;30.000000;1000.002955;10.810000;11.000000;10.360000;10.010000;10.010000;100.177484;11.001970;11.001970;20.000354;10.001772;8.000354;9.000296;9.000177;30.000000
0.132000;1000.019440;10.026896;10.026896;10.026896;10.026896;10.026896;100.577077;11.024206;11.024206;65.602000;11.392400;8.512000;9.591576;9.985960;30.000000;1000.002955;10.810000;11.000000;10.360000;10.010000;10.010000;100.177484;11.001970;11.001970;20.000354;10.001772;8.000354;9.000296;9.000177;30.000000
0.133000;1000.017340;10.027556;10.027556;10.027556;10.027556;10.027556;100.574998;11.024800;11.024800;65.150125;11.368900;8.544500;9.589694;9.982823;30.000000;1000.002955;10.810000;11.000000;10.360000;10.010000;10.010000;100.177484;11.001970;11.001970;20.000354;10.001772;8.000354;9.000296;9.000177;30.000000
0.134000;1000.015360;10.028224;10.028224;10.028224;10.028224;10.028224;100.572908;11.025402;11.025402;64.700500;11.345600;8.578000;9.587814;9.979690;30.000000;1000.002955;10.810000;11.000000;10.360000;10.010000;10.010000;100.177484;11.001970;11.001970;20.000354;10.001772;8.000354;9.000296;9.000177;30.000000
0.135000;1000.013500;10.028900;10.028900;10.028900;10.028900;10.028900;100.570807;11.026010;11.026010;64.253125;11.322500;8.612500;9.585938;9.976562;30.000000;1000.002955;10.810000;11.000000;10.360000;10.010000;10.010000;100.177484;11.001970;11.001970;20.000354;10.001772;8.000354;9.000296;9.000177;30.000000
0.136000;1000.011760;10.029584;10.029584;10.029584;10.029584;10.029584;100.568694;11.026626;11.026626;63.808000;11.299600;8.648000;9.584064;9.973440;30.000000;1000.002955;10.810000;11.000000;10.360000;10.010000;10.010000;100.177484;11.001970;11.001970;20.000354;10.001772;8.000354;9.000296;9.000177;30.000000
0.137000;1000.010140;10.030276;10.030276;10.030276;10.030276;10.030276;100.566570;11.027248;11.027248;63.365125;11.276900;8.684500;9.582194;9.970323;30.000000;1000.002955;10.810000;11.000000;10.360000;10.010000;10.010000;100.177484;11.001970;11.001970;20.000354;10.001772;8.000354;9.000296;9.000177;30.000000
0.138000;1000.008640;10.030976;10.030976;10.030976;10.030976;10.030976;100.564433;11.027878;11.027878;62.924500;11.254400;8.722000;9.580326;9.967210;30.000000;1000.002955;10.810000;11.000000;10.360000;10.010000;10.010000;100.177484;11.001970;11.001970;20.000354;10.001772;8.000354;9.000296;9.000177;30.000000
0.139000;1000.007260;10.031684;10.031684;10.031684;10.031684;10.031684;100.562285;11.028516;11.028516;62.486125;11.232100;8.760500;9.578462;9.964103;30.000000;1000.002955;10.810000;11.000000;10.360000;10.010000;10.010000;100.177484;11.001970;11.001970;20.000354;10.001772;8.000354;9.000296;9.000177;30.000000
0.140000;1000.006000;10.032400;10.032400;10.032400;10.032400;10.032400;100.560124;11.029160;11.029160;62.050000;11.210000;8.800000;9.576600;9.961000;30.000000;1000.002955;10.810000;11.000000;10.360000;10.010000;10.010000;100.177484;11.001970;11.001970;20.000354;10.001772;8.000354;9.000296;9.000177;30.000000
0.141000;1000.004860;10.033124;10.033124;10.033124;10.033124;10.033124;100.557951;11.029812;11.029812;61.616125;11.188100;8.840500;9.574741;9.957902;30.000000;1000.002955;10.810000;11.000000;10.360000;10.010000;10.010000;100.177484;11.001970;11.001970;20.000354;10.001772;8.000354;9.000296;9.000177;30.000000
0.142000;1000.003840;10.033856;10.033856;10.033856;10.033856;10.033856;100.555765;11.030470;11.030470;61.184500;11.166400;8.882000;9.572886;9.954810;30.000000;1000.002955;10.810000;11.000000;10.360000;10.010000;10.010000;100.177484;11.001970;11.001970;20.000354;10.001772;8.000354;9.000296;9.000177;30.000000
0.143000;1000.002940;10.034596;10.034596;10.034596;10.034596;10.034596;100.553567;11.031136;11.031136;60.755125;11.144900;8.924500;9.571034;9.951723;30.000000;1000.002955;10.810000;11.000000;10.360000;10.010000;10.010000;100.177484;11.001970;11.001970;20.000354;10.001772;8.000354;9.000296;9.000177;30.000000
0.144000;1000.002160;10.035344;10.035344;10.035344;10.035344;10.035344;100.551356;11.031810;11.031810;60.328000;11.123600;8.968000;9.569184;9.948640;30.000000;1000.002955;10.810000;11.000000;10.360000;10.010000;10.010000;100.177484;11.001970;11.001970;20.000354;10.001772;8.000354;9.000296;9.000177;30.000000
0.145000;1000.001500;10.036100;10.036100;10.036100;10.036100;10.036100;100.549132;11.032490;11.032490;59.903125;11.102500;9.012500;9.567337;9.945562;30.000000;1000.002955;10.810000;11.000000;10.360000;10.010000;10.010000;100.177484;11.001970;11.001970;20.000354;10.001772;8.000354;9.000296;9.000177;30.000000
0.146000;1000.000960;10.036864;10.036864;10.036864;10.036864;10.036864;100.546895;11.033178;11.033178;59.480500;11.081600;9.058000;9.565494;9.942490;30.000000;1000.002955;10.810000;11.000000;10.360000;10.010000;10.010000;100.177484;11.001970;11.001970;20.000354;10.001772;8.000354;9.000296;9.000177;30.000000
0.147000;1000.000540;10.037636;10.037636;10.037636;10.037636;10.037636;100.544645;11.033872;11.033872;59.060125;11.060900;9.104500;9.563654;9.939423;30.000000;1000.002955;10.810000;11.000000;10.360000;10.010000;10.010000;100.177484;11.001970;11.001970;20.000354;10.001772;8.000354;9.000296;9.000177;30.000000
0.148000;1000.000240;10.038416;10.038416;10.038416;10.038416;10.038416;100.542382;11.034574;11.034574;58.642000;11.040400;9.152000;9.561816;9.936360;30.000000;1000.002955;10.810000;11.000000;10.360000;10.010000;10.010000;100.177484;11.001970;11.001970;20.000354;10.001772;8.000354;9.000296;9.000177;30.000000
0.149000;1000.000060;10.039204;10.039204;10.039204;10.039204;10.039204;100.540107;11.035284;11.035284;58.226125;11.020100;9.200500;9.559981;9.933302;30.000000;1000.002955;10.810000;11.000000;10.360000;10.010000;10.010000;100.177484;11.001970;11.001970;20.000354;10.001772;8.000354;9.000296;9.000177;30.000000
0.150000;1000.000000;10.040000;10.040000;10.040000;10.040000;10.040000;100.537818;11.036000;11.036000;57.812500;11.000000;9.250000;9.558150;9.930250;30.000000;1000.002955;10.810000;11.000000;10.360000;10.010000;10.010000;100.177484;11.001970;11.001970;20.000354;10.001772;8.000354;9.000296;9.000177;30.000000
0.151000;1000.000060;10.040804;10.040804;10.040804;10.040804;10.040804;100.535517;11.036724;11.036724;57.401125;10.980100;9.300500;9.556321;9.927202;30.000000;1000.002955;10.810000;11.000000;10.360000;10.010000;10.010000;100.177484;11.001970;11.001970;20.000354;10.001772;8.000354;9.000296;9.000177;30.000000
0.152000;1000.000240;10.041616;10.041616;10.041616;10.041616;10.041616;100.533202;11.037454;11.037454;56.992000;10.960400;9.352000;9.554496;9.924160;30.000000;1000.002955;10.810000;11.000000;10.360000;10.010000;10.010000;100.177484;11.001970;11.001970;20.000354;10.001772;8.000354;9.000296;9.000177;30.000000
0.153000;1000.000540;10.042436;10.042436;10.042436;10.042436;10.042436;100.530875;11.038192;11.038192;56.585125;10.940900;9.404500;9.552673;9.921122;30.000000;1000.002955;10.810000;11.000000;10.360000;10.010000;10.010000;100.177484;11.001970;11.001970;20.000354;10.001772;8.000354;9.000296;9.000177;30.000000
0.154000;1000.000960;10.043264;10.043264;10.043264;10.043264;10.043264;100.528534;11.038938;11.038938;56.180500;10.921600;9.458000;9.550854;9.918090;30.000000;1000.002955;10.810000;11.000000;10.360000;10.010000;10.010000;100.177484;11.001970;11.001970;20.000354;10.001772;8.000354;9.000296;9.000177;30.000000
0.155000;1000.001500;10.044100;10.044100;10.044100;10.044100;10.044100;100.526182;11.039690;11.039690;55.778125;10.902500;9.512500;9.549038;9.915063;30.000000;1000.002955;10.810000;11.000000;10.360000;10.010000;10.010000;100.177484;11.001970;11.001970;20.000354;10.001772;8.000354;9.000296;9.000177;30.000000
0.156000;1000.002160;10.044944;10.044944;10.044944;10.044944;10.044944;100.523816;11.040450;11.040450;55.378000;10.883600;9.568000;9.547224;9.912040;30.000000;1000.002955;10.810000;11.000000;10.360000;10.010000;10.010000;100.177484;11.001970;11.001970;20.000354;10.001772;8.000354;9.000296;9.000177;30.000000
0.157000;1000.002940;10.045796;10.045796;10.045796;10.045796;10.045796;100.521438;11.041216;11.041216;54.980125;10.864900;9.624500;9.545414;9.909023;30.000000;1000.002955;10.810000;11.000000;10.360000;10.010000;10.010000;100.177484;11.001970;11.001970;20.000354;10.001772;8.000354;9.000296;9.000177;30.000000
0.158000;1000.003840;10.046656;10.046656;10.046656;10.046656;10.046656;100.519047;11.041990;11.041990;54.584500;10.846400;9.682000;9.543606;9.906010;30.000000;1000.002955;10.810000;11.000000;10.360000;10.010000;10.010000;100.177484;11.001970;11.001970;20.000354;10.001772;8.000354;9.000296;9.000177;30.000000
0.159000;1000.004860;10.047524;10.047524;10.047524;10.047524;10.047524;100.516644;11.042772;11.042772;54.191125;10.828100;9.740500;9.541801;9.903002;30.000000;1000.002955;10.810000;11.000000;10.360000;10.010000;10.010000;100.177484;11.001970;11.001970;20.000354;10.001772;8.000354;9.000296;9.000177;30.000000
0.160000;1000.006000;10.048400;10.048400;10.048400;10.048400;10.048400;100.514229;11.043560;11.043560;53.800000;10.810000;9.800000;9.540000;9.900000;30.000000;1000.002955;10.810000;11.000000;10.360000;10.010000;10.010000;100.177484;11.001970;11.001970;20.000354;10.001772;8.000354;9.000296;9.000177;30.000000
0.161000;1000.007260;10.049284;10.049284;10.049284;10.049284;10.049284;100.511802;11.044356;11.044356;53.411125;10.792100;9.860500;9.538201;9.897002;30.000000;1000.002955;10.810000;11.000000;10.360000;10.010000;10.010000;100.177484;11.001970;11.001970;20.000354;10.001772;8.000354;9.000296;9.000177;30.000000
0.162000;1000.008640;10.050176;10.050176;10.050176;10.050176;10.050176;100.509363;11.045158;11.045158;53.024500;10.774400;9.922000;9.536406;9.894010;30.000000;1000.002955;10.810000;11.000000;10.360000;10.010000;10.010000;100.177484;11.001970;11.001970;20.000354;10.001772;8.000354;9.000296;9.000177;30.000000
0.163000;1000.010140;10.051076;10.051076;10.051076;10.051076;10.051076;100.506913;11.045968;11.045968;52.640125;10.756900;9.984500;9.534613;9.891022;30.000000;1000.002955;10.810000;11.000000;10.360000;10.010000;10.010000;100.177484;11.001970;11.001970;20.000354;10.001772;8.000354;9.000296;9.000177;30.000000
0.164000;1000.011760;10.051984;10.051984;10.051984;10.051984;10.051984;100.504450;11.046786;11.046786;52.258000;10.739600;10.048000;9.532824;9.888040;30.000000;1000.002955;10.810000;11.000000;10.360000;10.010000;10.010000;100.177484;11.001970;11.001970;20.000354;10.001772;8.000354;9.000296;9.000177;30.000000
0.165000;1000.013500;10.052900;10.052900;10.052900;10.052900;10.052900;100.501977;11.047610;11.047610;51.878125;10.722500;10.112500;9.531038;9.885062;30.000000;1000.002955;10.810000;11.000000;10.360000;10.010000;10.010000;100.177484;11.001970;11.001970;20.000354;10.001772;8.000354;9.000296;9.000177;30.000000
0.166000;1000.015360;10.053824;10.053824;10.053824;10.053824;10.053824;100.499492;11.048442;11.048442;51.500500;10.705600;10.178000;9.529254;9.882090;30.000000;1000.002955;10.810000;11.000000;10.360000;10.010000;10.010000;100.177484;11.001970;11.001970;20.000354;10.001772;8.000354;9.000296;9.000177;30.000000
0.167000;1000.017340;10.054756;10.054756;10.054756;10.054756;10.054756;100.496997;11.049280;11.049280;51.125125;10.688900;10.244500;9.527473;9.879122;30.000000;1000.002955;10.810000;11.000000;10.360000;10.010000;10.010000;100.177484;11.001970;11.001970;20.000354;10.001772;8.000354;9.000296;9.000177;30.000000
0.168000;1000.019440;10.055696;10.055696;10.055696;10.055696;10.055696;100.494490;11.050126;11.050126;50.752000;10.672400;10.312000;9.525696;9.876160;30.000000;1000.002955;10.810000;11.000000;10.360000;10.010000;10.010000;100.177484;11.001970;11.001970;20.000354;10.001772;8.000354;9.000296;9.000177;30.000000
0.169000;1000.021660;10.056644;10.056644;10.056644;10.056644;10.056644;100.491974;11.050980;11.050980;50.381125;10.656100;10.380500;9.523921;9.873202;30.000000;1000.002955;10.810000;11.000000;10.360000;10.010000;10.010000;100.177484;11.001970;11.001970;20.000354;10.001772;8.000354;9.000296;9.000177;30.000000
0.170000;1000.024000;10.057600;10.057600;10.057600;10.057600;10.057600;100.489447;11.051840;11.051840;50.012500;10.640000;10.450000;9.522150;9.870250;30.000000;1000.002955;10.810000;11.000000;10.360000;10.010000;10.010000;100.177484;11.001970;11.001970;20.000354;10.001772;8.000354;9.000296;9.000177;30.000000
0.171000;1000.026460;10.058564;10.058564;10.058564;10.058564;10.058564;100.486910;11.052708;11.052708;49.646125;10.624100;10.520500;9.520382;9.867303;30.000000;1000.002955;10.810000;11.000000;10.360000;10.010000;10.010000;100.177484;11.001970;11.001970;20.000354;10.001772;8.000354;9.000296;9.000177;30.000000
0.172000;1000.029040;10.059536;10.059536;10.059536;10.059536;10.059536;100.484363;11.053582;11.053582;49.282000;10.608400;10.592000;9.518616;9.864360;30.000000;1000.002955;10.810000;11.000000;10.360000;10.010000;10.010000;100.177484;11.001970;11.001970;20.000354;10.001772;8.000354;9.000296;9.000177;30.000000
0.173000;1000.031740;10.060516;10.060516;10.060516;10.060516;10.060516;100.481806;11.054464;11.054464;48.920125;10.592900;10.664500;9.516853;9.861422;30.000000;1000.002955;10.810000;11.000000;10.360000;10.010000;10.010000;100.177484;11.001970;11.001970;20.000354;10.001772;8.000354;9.000296;9.000177;30.000000
0.174000;1000.034560;10.061504;10.061504;10.061504;10.061504;10.061504;100.479241;11.055354;11.055354;48.560500;10.577600;10.738000;9.515094;9.858490;30.000000;1000.002955;10.810000;11.000000;10.360000;10.010000;10.010000;100.177484;11.001970;11.001970;20.000354;10.001772;8.000354;9.000296;9.000177;30.000000
0.175000;1000.037500;10.062500;10.062500;10.062500;10.062500;10.062500;100.476666;11.056250;11.056250;48.203125;10.562500;10.812500;9.513337;9.855562;30.000000;1000.002955;10.810000;11.000000;10.360000;10.010000;10.010000;100.177484;11.001970;11.001970;20.000354;10.001772;8.000354;9.000296;9.000177;30.000000
0.176000;1000.040560;10.063504;10.063504;10.063504;10.063504;10.063504;100.474083;11.057154;11.057154;47.848000;10.547600;10.888000;9.511584;9.852640;30.000000;1000.002955;10.810000;11.000000;10.360000;10.010000;10.010000;100.177484;11.001970;11.001970;20.000354;10.001772;8.000354;9.000296;9.000177;30.000000
0.177000;1000.043740;10.064516;10.064516;10.064516;10.064516;10.064516;100.471491;11.058064;11.058064;47.495125;10.532900;10.964500;9.509833;9.849722;30.000000;1000.002955;10.810000;11.000000;10.360000;10.010000;10.010000;100.177484;11.001970;11.001970;20.000354;10.001772;8.000354;9.000296;9.000177;30.000000
0.178000;1000.047040;10.065536;10.065536;10.065536;10.065536;10.065536;100.468891;11.058982;11.058982;47.144500;10.518400;11.042000;9.508086;9.846810;30.000000;1000.002955;10.810000;11.000000;10.360000;10.010000;10.010000;100.177484;11.001970;11.001970;20.000354;10.001772;8.000354;9.000296;9.000177;30.000000
0.179000;1000.050460;10.066564;10.066564;10.066564;10.066564;10.066564;100.466283;11.059908;11.059908;46.796125;10.504100;11.120500;9.506341;9.843902;30.000000;1000.002955;10.810000;11.000000;10.360000;10.010000;10.010000;100.177484;11.001970;11.001970;20.000354;10.001772;8.000354;9.000296;9.000177;30.000000
0.180000;1000.054000;10.067600;10.067600;10.067600;10.067600;10.067600;100.463667;11.060840;11.060840;46.450000;10.490000;11.200000;9.504600;9.841000;30.000000;1000.002955;10.810000;11.000000;10.360000;10.010000;10.010000;100.177484;11.001970;11.001970;20.000354;10.001772;8.000354;9.000296;9.000177;30.000000
0.181000;1000.057660;10.068644;10.068644;10.068644;10.068644;10.068644;100.461044;11.061780;11.061780;46.106125;10.476100;11.280500;9.502862;9.838103;30.000000;1000.002955;10.810000;11.000000;10.360000;10.010000;10.010000;100.177484;11.001970;11.001970;20.000354;10.001772;8.000354;9.000296;9.000177;30.000000
0.182000;1000.061440;10.069696;10.069696;10.069696;10.069696;10.069696;100.458414;11.062726;11.062726;45.764500;10.462400;11.362000;9.501126;9.835210;30.000000;1000.002955;10.810000;11.000000;10.360000;10.010000;10.010000;100.177484;11.001970;11.001970;20.000354;10.001772;8.000354;9.000296;9.000177;30.000000
0.183000;1000.065340;10.070756;10.070756;10.070756;10.070756;10.070756;100.455777;11.063680;11.063680;45.425125;10.448900;11.444500;9.499393;9.832322;30.000000;1000.002955;10.810000;11.000000;10.360000;10.010000;10.010000;100.177484;11.001970;11.001970;20.000354;10.001772;8.000354;9.000296;9.000177;30.000000
0.184000;1000.069360;10.071824;10.071824;10.071824;10.071824;10.071824;100.453133;11.064642;11.064642;45.088000;10.435600;11.528000;9.497664;9.829440;30.000000;1000.002955;10.810000;11.000000;10.360000;10.010000;10.010000;100.177484;11.001970;11.001970;20.000354;10.001772;8.000354;9.000296;9.000177;30.000000
0.185000;1000.073500;10.072900;10.072900;10.072900;10.072900;10.072900;100.450484;11.065610;11.065610;44.753125;10.422500;11.612500;9.495938;9.826563;30.000000;1000.002955;10.810000;11.000000;10.360000;10.010000;10.010000;100.177484;11.001970;11.001970;20.000354;10.001772;8.000354;9.000296;9.000177;30.000000
0.186000;1000.077760;10.073984;10.073984;10.073984;10.073984;10.073984;100.447828;11.066586;11.066586;44.420500;10.409600;11.698000;9.494214;9.823690;30.000000;1000.002955;10.810000;11.000000;10.360000;10.010000;10.010000;100.177484;11.001970;11.001970;20.000354;10.001772;8.000354;9.000296;9.000177;30.000000
0.187000;1000.082140;10.075076;10.075076;10.075076;10.075076;10.075076;100.445167;11.067568;11.067568;44.090125;10.396900;11.784500;9.492494;9.820823;30.000000;1000.002955;10.810000;11.000000;10.360000;10.010000;10.010000;100.177484;11.001970;11.001970;20.000354;10.001772;8.000354;9.000296;9.000177;30.000000
0.188000;1000.086640;10.076176;10.076176;10.076176;10.076176;10.076176;100.442501;11.068558;11.068558;43.762000;10.384400;11.872000;9.490776;9.817960;30.000000;1000.002955;10.810000;11.000000;10.360000;10.010000;10.010000;100.177484;11.001970;11.001970;20.000354;10.001772;8.000354;9.000296;9.000177;30.000000
0.189000;1000.091260;10.077284;10.077284;10.077284;10.077284;10.077284;100.439829;11.069556;11.069556;43.436125;10.372100;11.960500;9.489062;9.815102;30.000000;1000.002955;10.810000;11.000000;10.360000;10.010000;10.010000;100.177484;11.001970;11.001970;20.000354;10.001772;8.000354;9.000296;9.000177;30.000000
0.190000;1000.096000;10.078400;10.078400;10.078400;10.078400;10.078400;100.437153;11.070560;11.070560;43.112500;10.360000;12.050000;9.487350;9.812250;30.000000;1000.002955;10.810000;11.000000;10.360000;10.010000;10.010000;100.177484;11.001970;11.001970;20.000354;10.001772;8.000354;9.000296;9.000177;30.000000
0.191000;1000.100860;10.079524;10.079524;10.079524;10.079524;10.079524;100.434472;11.071572;11.071572;42.791125;10.348100;12.140500;9.485642;9.809403;30.000000;1000.002955;10.810000;11.000000;10.360000;10.010000;10.010000;100.177484;11.001970;11.001970;20.000354;10.001772;8.000354;9.000296;9.000177;30.000000
0.192000;1000.105840;10.080656;10.080656;10.080656;10.080656;10.080656;100.431788;11.072590;11.072590;42.472000;10.336400;12.232000;9.483936;9.806560;30.000000;1000.002955;10.810000;11.000000;10.360000;10.010000;10.010000;100.177484;11.001970;11.001970;20.000354;10.001772;8.000354;9.000296;9.000177;30.000000
0.193000;1000.110940;10.081796;10.081796;10.081796;10.081796;10.081796;100.429099;11.073616;11.073616;42.155125;10.324900;12.324500;9.482233;9.803722;30.000000;1000.002955;10.810000;11.000000;10.360000;10.010000;10.010000;100.177484;11.001970;11.001970;20.000354;10.001772;8.000354;9.000296;9.000177;30.000000
0.194000;1000.116160;10.082944;10.082944;10.082944;10.082944;10.082944;100.426407;11.074650;11.074650;41.840500;10.313600;12.418000;9.480534;9.800890;30.000000;1000.002955;10.810000;11.000000;10.360000;10.010000;10.010000;100.177484;11.001970;11.001970;20.000354;10.001772;8.000354;9.000296;9.000177;30.000000
0.195000;1000.121500;10.084100;10.084100;10.084100;10.084100;10.084100;100.423712;11.075690;11.075690;41.528125;10.302500;12.512500;9.478838;9.798063;30.000000;1000.002955;10.810000;11.000000;10.360000;10.010000;10.010000;100.177484;11.001970;11.001970;20.000354;10.001772;8.000354;9.000296;9.000177;30.000000
0.196000;1000.126960;10.085264;10.085264;10.085264;10.085264;10.085264;100.421014;11.076738;11.076738;41.218000;10.291600;12.608000;9.477144;9.795240;30.000000;1000.002955;10.810000;11.000000;10.360000;10.010000;10.010000;100.177484;11.001970;11.001970;20.000354;10.001772;8.000354;9.000296;9.000177;30.000000
0.197000;1000.132540;10.086436;10.086436;10.086436;10.086436;10.086436;100.418313;11.077792;11.077792;40.910125;10.280900;12.704500;9.475454;9.792423;30.000000;1000.002955;10.810000;11.000000;10.360000;10.010000;10.010000;100.177484;11.001970;11.001970;20.000354;10.001772;8.000354;9.000296;9.000177;30.000000
0.198000;1000.138240;10.087616;10.087616;10.087616;10.087616;10.087616;100.415610;11.078854;11.078854;40.604500;10.270400;12.802000;9.473766;9.789610;30.000000;1000.002955;10.810000;11.000000;10.360000;10.010000;10.010000;100.177484;11.001970;11.001970;20.000354;10.001772;8.000354;9.000296;9.000177;30.000000
0.199000;1000.144060;10.088804;10.088804;10.088804;10.088804;10.088804;100.412905;11.079924;11.079924;40.301125;10.260100;12.900500;9.472081;9.786802;30.000000;1000.002955;10.810000;11.000000;10.360000;10.010000;10.010000;100.177484;11.001970;11.001970;20.000354;10.001772;8.000354;9.000296;9.000177;30.000000
